Datetime,Open Price,High Price,Low Price,Close Price,Total Volume
2020-01-01,79.25,79.97,79.04,79.74,981889.0
2020-01-02,78.36,78.72,78.05,78.55,1257064.0
2020-01-03,79.29,79.56,78.94,79.04,1580501.0
2020-01-06,80.39,80.72,80.35,80.4,693183.0
2020-01-07,79.66,80.34,79.26,79.38,1438734.0
2020-01-08,80.86,81.5,80.63,81.01,1223628.0
2020-01-09,81.34,81.48,81.14,81.16,1033184.0
2020-01-10,81.31,81.59,81.24,81.48,2161476.0
2020-01-13,79.11,79.74,78.94,79.34,765378.0
2020-01-14,77.1,77.3,77.06,77.12,1379803.0
2020-01-15,77.15,77.42,77.05,77.31,2488852.0
2020-01-16,77.92,78.77,77.46,78.28,844660.0
2020-01-17,77.42,78.13,77.26,77.47,1036704.0
2020-01-20,79.57,80.16,79.04,79.54,3885073.0
2020-01-21,80.78,81.29,80.46,80.48,1524528.0
2020-01-22,79.57,79.94,79.06,79.34,933691.0
2020-01-23,79.68,80.4,79.02,79.39,1796431.0
2020-01-24,82.74,82.77,82.22,82.56,905238.0
2020-01-27,81.05,81.34,80.52,80.97,549928.0
2020-01-28,81.35,81.66,81.35,81.65,2388514.0
2020-01-29,81.28,81.54,80.94,81.25,692782.0
2020-01-30,82.31,82.87,82.08,82.17,4097372.0
2020-01-31,84.2,84.27,83.47,83.83,941598.0
2020-02-03,83.51,83.68,82.79,83.33,3494261.0
2020-02-04,85.14,85.73,84.39,84.82,606624.0
2020-02-05,87.58,87.92,87.11,87.85,2008195.0
2020-02-06,87.87,89.04,87.76,87.96,1543963.0
2020-02-07,89.18,89.41,88.65,89.06,1828256.0
2020-02-10,88.55,89.62,86.68,88.25,1951310.0
2020-02-11,88.24,88.8,87.54,88.28,937646.0
2020-02-12,88.03,88.32,87.94,88.05,625044.0
2020-02-13,89.35,89.7,89.09,89.17,1172374.0
2020-02-14,90.58,91.5,90.41,90.89,1344476.0
2020-02-17,91.18,91.44,89.98,90.74,949867.0
2020-02-18,92.73,93.13,92.14,92.97,1381633.0
2020-02-19,94.7,95.62,93.86,95.25,1418078.0
2020-02-20,96.54,97.08,96.31,96.54,762980.0
2020-02-21,96.26,96.63,95.41,95.77,1465176.0
2020-02-24,95.03,95.99,94.67,94.86,1052200.0
2020-02-25,93.88,94.44,92.93,93.67,847469.0
2020-02-26,95.1,95.87,94.56,95.09,1782785.0
2020-02-27,93.26,93.83,93.08,93.3,815457.0
2020-02-28,93.87,94.65,93.11,94.31,957103.0
2020-03-02,92.1,92.73,91.99,92.73,1246718.0
2020-03-03,94.01,94.19,93.71,93.95,2390841.0
2020-03-04,94.36,95.1,93.2,93.99,1324297.0
2020-03-05,96.09,96.14,94.89,95.99,1566171.0
2020-03-06,97.93,98.67,97.74,97.74,1036312.0
2020-03-09,100.47,101.07,99.54,99.99,1156322.0
2020-03-10,102.43,102.57,101.83,102.33,1173571.0
2020-03-11,102.53,103.26,102.38,102.57,1392558.0
2020-03-12,100.48,101.37,100.12,100.73,1037180.0
2020-03-13,99.69,99.88,98.93,99.08,2350174.0
2020-03-16,96.04,96.27,94.99,95.89,997909.0
2020-03-17,94.01,94.35,93.62,94.28,512153.0
2020-03-18,94.06,94.53,93.79,94.39,4739292.0
2020-03-19,93.93,94.6,93.3,93.58,1021023.0
2020-03-20,93.03,94.49,92.87,93.32,2318857.0
2020-03-23,94.58,95.05,93.83,94.06,2427556.0
2020-03-24,92.85,93.76,92.43,93.62,1929183.0
2020-03-25,92.38,92.88,91.48,91.99,1089235.0
2020-03-26,92.06,92.3,91.62,91.92,1387956.0
2020-03-27,90.68,91.06,90.58,90.64,635867.0
2020-03-30,90.22,90.27,90.14,90.27,3252953.0
2020-03-31,92.73,93.21,91.71,92.21,785517.0
2020-04-01,92.02,92.15,91.31,91.83,1059227.0
2020-04-02,94.18,94.89,92.66,94.43,1263623.0
2020-04-03,96.1,97.18,95.94,96.6,1139705.0
2020-04-06,95.78,95.88,95.6,95.73,865933.0
2020-04-07,94.08,94.12,93.7,94.08,2414903.0
2020-04-08,93.59,94.71,93.55,94.01,1934075.0
2020-04-09,95.73,95.87,95.32,95.75,1412715.0
2020-04-10,94.86,96.02,94.25,95.02,984829.0
2020-04-13,96.41,97.19,96.25,96.4,2047516.0
2020-04-14,98.48,98.56,97.74,98.27,953377.0
2020-04-15,97.52,97.63,96.23,97.09,2637115.0
2020-04-16,96.33,96.69,94.62,96.07,1271376.0
2020-04-17,96.96,97.64,96.26,97.17,2224162.0
2020-04-20,97.52,98.5,97.41,97.41,1136075.0
2020-04-21,96.39,96.4,95.89,96.37,1246396.0
2020-04-22,95.47,96.48,95.37,95.85,2219318.0
2020-04-23,95.87,95.88,95.71,95.76,3601866.0
2020-04-24,93.96,94.13,93.19,93.44,2623929.0
2020-04-27,94.59,96.17,93.73,94.58,1864619.0
2020-04-28,93.43,94.47,93.16,93.88,1614671.0
2020-04-29,89.87,89.9,89.56,89.86,933341.0
2020-04-30,89.51,89.9,88.82,89.84,1393898.0
2020-05-01,89.04,89.55,88.59,88.81,761827.0
2020-05-04,91.35,91.9,91.01,91.21,1451185.0
2020-05-05,90.34,91.96,89.96,90.38,1498575.0
2020-05-06,88.76,89.19,88.36,88.85,451160.0
2020-05-07,89.51,89.58,89.28,89.57,1226125.0
2020-05-08,88.65,89.35,87.88,88.65,1479830.0
2020-05-11,87.38,88.04,86.77,87.58,1153308.0
2020-05-12,87.93,89.49,87.82,88.3,1438375.0
2020-05-13,87.17,87.46,85.71,86.87,614853.0
2020-05-14,84.81,85.47,83.53,84.91,815917.0
2020-05-15,87.3,88.25,87.25,87.26,2017701.0
2020-05-18,88.15,88.58,87.9,88.07,1202948.0
2020-05-19,87.8,88.78,87.44,87.71,1425366.0
2020-05-20,87.41,88.07,87.21,87.72,915055.0
2020-05-21,87.99,88.56,87.78,88.43,1214383.0
2020-05-22,89.65,90.55,89.14,89.81,380406.0
2020-05-25,88.86,88.9,88.26,88.75,1835828.0
2020-05-26,89.08,89.67,88.92,89.28,2969685.0
2020-05-27,88.48,88.66,87.41,88.58,706085.0
2020-05-28,88.89,89.31,88.21,88.33,751506.0
2020-05-29,88.07,88.68,87.98,88.56,1499197.0
2020-06-01,88.36,88.57,87.86,88.56,2512879.0
2020-06-02,90.11,91.16,89.33,89.6,1201344.0
2020-06-03,90.29,90.38,89.73,90.3,650399.0
2020-06-04,88.01,88.9,87.54,88.19,1083483.0
2020-06-05,86.64,86.98,86.2,86.34,718581.0
2020-06-08,85.86,86.66,85.66,85.85,860765.0
2020-06-09,88.27,88.9,87.39,88.36,1033002.0
2020-06-10,87.25,87.46,86.64,87.2,755653.0
2020-06-11,86.75,87.2,86.34,86.92,815085.0
2020-06-12,85.94,86.35,84.62,86.2,1248267.0
2020-06-15,85.43,85.9,85.28,85.46,1339113.0
2020-06-16,85.45,85.85,85.04,85.71,590078.0
2020-06-17,87.64,88.02,87.06,87.63,1466209.0
2020-06-18,88.37,88.66,88.27,88.27,993543.0
2020-06-19,87.4,87.61,87.04,87.17,1723954.0
2020-06-22,91.36,91.98,90.99,91.05,1776665.0
2020-06-23,91.06,91.86,90.76,91.17,915961.0
2020-06-24,90.49,90.63,89.66,90.36,1634870.0
2020-06-25,92.53,92.55,92.32,92.4,791371.0
2020-06-26,91.82,91.91,91.24,91.73,2331170.0
2020-06-29,94.04,94.36,93.52,94.17,806478.0
2020-06-30,92.61,92.93,91.91,92.9,1434569.0
2020-07-01,95.17,95.52,94.3,95.03,1094924.0
2020-07-02,94.85,95.4,94.29,95.34,723281.0
2020-07-03,97.23,98.48,96.42,97.31,1886923.0
2020-07-06,99.51,101.33,99.42,100.28,884638.0
2020-07-07,98.12,99.66,97.83,98.52,513992.0
2020-07-08,100.26,100.53,100.21,100.53,284644.0
2020-07-09,98.66,99.22,98.28,98.33,776442.0
2020-07-10,96.94,97.14,96.36,96.74,2392751.0
2020-07-13,95.37,95.56,95.06,95.53,2255471.0
2020-07-14,96.51,96.78,96.09,96.3,839617.0
2020-07-15,96.62,98.05,95.69,96.36,997266.0
2020-07-16,96.08,96.27,95.68,96.12,953165.0
2020-07-17,95.95,96.66,95.92,96.35,617407.0
2020-07-20,97.21,98.23,97.03,97.27,748319.0
2020-07-21,98.28,99.47,97.62,98.31,1964159.0
2020-07-22,99.66,100.13,98.96,100.03,1547179.0
2020-07-23,103.06,103.52,101.75,102.95,1378552.0
2020-07-24,103.01,103.54,102.54,102.92,616878.0
2020-07-27,102.23,102.52,101.72,102.1,1264708.0
2020-07-28,103.18,103.6,103.0,103.1,380057.0
2020-07-29,101.49,101.86,99.58,101.27,1832884.0
2020-07-30,100.15,100.8,99.07,100.2,1368584.0
2020-07-31,101.87,102.58,101.39,101.8,613775.0
2020-08-03,101.5,101.71,101.03,101.62,2698517.0
2020-08-04,99.54,100.02,99.52,99.71,489881.0
2020-08-05,97.8,98.04,96.74,97.41,1567752.0
2020-08-06,96.9,97.87,95.84,97.5,1587365.0
2020-08-07,99.54,100.47,98.74,99.28,647041.0
2020-08-10,100.88,101.43,100.57,101.07,1180059.0
2020-08-11,101.03,101.46,100.59,101.26,530506.0
2020-08-12,104.61,105.13,104.48,104.53,289761.0
2020-08-13,103.9,104.63,103.04,104.37,705077.0
2020-08-14,103.89,104.89,102.78,104.15,883536.0
2020-08-17,99.78,100.84,99.54,100.03,1659668.0
2020-08-18,99.28,99.55,99.05,99.34,1243828.0
2020-08-19,100.45,100.87,100.4,100.7,1260190.0
2020-08-20,103.71,103.99,102.61,103.22,724176.0
2020-08-21,102.44,102.82,100.41,101.89,922640.0
2020-08-24,102.02,103.19,101.19,102.65,755426.0
2020-08-25,104.53,105.68,104.25,104.36,651813.0
2020-08-26,104.66,105.25,103.4,104.39,893722.0
2020-08-27,100.88,101.46,99.99,100.72,1248254.0
2020-08-28,100.92,101.85,100.87,101.12,903183.0
2020-08-31,102.28,102.68,102.08,102.36,1022999.0
2020-09-01,100.62,101.47,99.71,100.85,1702243.0
2020-09-02,100.33,100.54,99.76,100.46,936236.0
2020-09-03,98.3,99.64,97.31,98.66,617242.0
2020-09-04,94.72,94.99,94.6,94.76,1593952.0
2020-09-07,95.88,96.41,95.0,96.31,1373571.0
2020-09-08,96.26,96.34,96.26,96.32,1417393.0
2020-09-09,98.41,99.5,98.21,98.78,1644455.0
2020-09-10,100.2,100.47,100.12,100.14,1511058.0
2020-09-11,99.39,99.74,99.07,99.59,1220004.0
2020-09-14,99.56,99.57,99.31,99.47,3975759.0
2020-09-15,100.7,101.81,99.54,100.37,632551.0
2020-09-16,102.41,102.58,100.51,101.93,896982.0
2020-09-17,101.68,103.99,100.92,102.46,1950638.0
2020-09-18,104.01,104.64,103.56,104.27,1291472.0
2020-09-21,103.7,104.33,103.03,103.79,1756724.0
2020-09-22,102.33,102.6,101.26,102.19,1309136.0
2020-09-23,101.59,102.46,100.82,102.1,2390536.0
2020-09-24,102.14,102.46,101.77,102.44,726682.0
2020-09-25,100.57,101.22,100.15,100.53,2353067.0
2020-09-28,98.47,98.47,97.66,98.45,2159740.0
2020-09-29,99.27,101.01,98.21,99.15,656617.0
2020-09-30,98.66,99.76,97.27,98.53,1648428.0
2020-10-01,98.39,98.42,97.88,98.29,1177001.0
2020-10-02,97.8,97.89,97.59,97.74,887984.0
2020-10-05,100.14,100.73,99.87,100.12,467751.0
2020-10-06,102.35,102.84,101.49,102.14,725483.0
2020-10-07,99.51,100.4,98.36,100.19,1713513.0
2020-10-08,99.82,100.13,98.89,99.36,1806534.0
2020-10-09,100.04,101.26,99.31,100.71,1082350.0
2020-10-12,101.35,102.64,100.61,101.68,1809376.0
2020-10-13,101.56,101.83,101.45,101.63,1929227.0
2020-10-14,100.03,100.1,99.52,99.83,1299279.0
2020-10-15,97.89,99.77,97.73,98.78,838050.0
2020-10-16,97.98,98.43,97.3,97.99,1499327.0
2020-10-19,98.66,99.34,97.79,98.43,1534158.0
2020-10-20,101.42,101.67,101.04,101.12,1684488.0
2020-10-21,99.83,100.61,99.26,100.04,1853714.0
2020-10-22,98.36,99.05,97.26,98.45,608601.0
2020-10-23,98.11,98.56,97.75,98.29,931951.0
2020-10-26,99.79,100.16,98.33,99.91,465417.0
2020-10-27,97.37,98.08,96.78,97.67,1747153.0
2020-10-28,99.68,100.66,99.58,99.94,1081484.0
2020-10-29,99.82,100.2,99.02,99.69,1491670.0
2020-10-30,98.59,99.54,97.8,98.55,575020.0
2020-11-02,96.25,96.64,95.83,96.11,2422936.0
2020-11-03,97.26,97.49,96.69,97.2,661874.0
2020-11-04,97.15,97.48,96.37,96.94,1771402.0
2020-11-05,97.47,98.03,96.44,97.22,1275661.0
2020-11-06,95.36,96.55,95.27,95.86,1093921.0
2020-11-09,95.14,95.42,94.66,95.39,1050650.0
2020-11-10,94.61,94.71,94.35,94.67,874116.0
2020-11-11,94.53,94.62,94.17,94.53,2298111.0
2020-11-12,93.36,93.71,92.82,93.55,1210212.0
2020-11-13,91.58,92.52,91.27,91.33,637551.0
2020-11-16,95.92,96.16,95.02,95.35,992537.0
2020-11-17,93.39,94.49,93.06,93.33,1282305.0
2020-11-18,93.64,94.35,93.61,93.61,1883990.0
2020-11-19,91.28,92.21,91.02,91.05,888856.0
2020-11-20,87.74,88.81,87.7,88.24,919065.0
2020-11-23,88.39,88.71,87.7,88.38,1216777.0
2020-11-24,88.9,89.13,88.55,88.64,1861164.0
2020-11-25,90.25,91.33,89.94,90.43,606599.0
2020-11-26,90.67,91.82,89.94,91.01,1548314.0
2020-11-27,90.75,90.96,90.55,90.8,953571.0
2020-11-30,89.45,90.03,89.12,89.46,1022523.0
2020-12-01,91.36,91.84,91.24,91.61,3271594.0
2020-12-02,93.56,94.0,92.5,92.97,1090084.0
2020-12-03,91.05,91.56,90.53,91.18,1753890.0
2020-12-04,90.93,91.36,90.88,91.24,1722792.0
2020-12-07,91.43,92.41,90.44,91.46,666628.0
2020-12-08,91.22,91.59,90.14,90.97,477970.0
2020-12-09,92.1,93.02,91.35,92.1,1812996.0
2020-12-10,93.46,93.93,93.03,93.32,699574.0
2020-12-11,92.81,93.27,92.06,93.05,523299.0
2020-12-14,93.07,93.48,92.52,92.65,2008866.0
2020-12-15,95.04,95.04,94.19,94.88,722366.0
2020-12-16,96.59,97.34,95.88,96.29,817283.0
2020-12-17,96.52,96.85,96.01,96.41,3227397.0
2020-12-18,94.21,95.15,93.62,93.98,524464.0
2020-12-21,94.25,94.67,93.96,94.5,641688.0
2020-12-22,95.42,96.01,95.17,95.56,955654.0
2020-12-23,91.88,92.04,91.4,91.51,1066477.0
2020-12-24,92.32,92.39,90.84,91.89,769216.0
2020-12-25,90.98,91.63,90.88,91.29,673789.0
2020-12-28,91.06,91.81,90.01,90.99,2558667.0
2020-12-29,89.59,90.54,89.11,89.71,1371606.0
2020-12-30,89.32,90.33,89.01,89.51,1611352.0
2020-12-31,91.58,91.95,90.85,91.5,1122858.0
2021-01-01,91.18,92.55,90.54,90.87,1389879.0
2021-01-04,92.4,92.77,91.61,92.27,1917343.0
2021-01-05,91.03,91.54,90.39,91.12,730767.0
2021-01-06,92.37,92.53,91.54,92.23,1372875.0
2021-01-07,92.14,93.27,91.86,92.24,1703203.0
2021-01-08,92.88,93.1,91.97,92.76,2603582.0
2021-01-11,93.17,93.88,92.5,92.78,3184945.0
2021-01-12,93.15,94.37,92.89,93.74,1245353.0
2021-01-13,90.25,90.58,89.78,90.03,2125079.0
2021-01-14,87.65,88.1,87.53,88.05,316449.0
2021-01-15,88.97,88.97,87.98,88.64,2613345.0
2021-01-18,85.68,85.97,85.51,85.84,836564.0
2021-01-19,84.83,85.16,84.19,85.14,1066029.0
2021-01-20,85.25,85.47,84.84,85.08,1499365.0
2021-01-21,84.08,84.25,83.37,83.98,1113790.0
2021-01-22,82.83,83.32,82.67,83.08,1326728.0
2021-01-25,83.14,83.83,83.08,83.45,2660026.0
2021-01-26,84.75,85.01,84.47,84.8,992408.0
2021-01-27,83.23,84.13,82.64,83.54,698394.0
2021-01-28,82.53,83.14,81.71,82.79,2977909.0
2021-01-29,81.88,82.34,81.23,81.85,1564978.0
2021-02-01,78.57,78.88,77.89,78.8,3144355.0
2021-02-02,79.09,79.53,78.81,78.98,1852071.0
2021-02-03,80.52,80.91,79.92,80.17,620452.0
2021-02-04,81.43,81.62,81.36,81.47,1660605.0
2021-02-05,80.4,80.85,80.35,80.37,735294.0
2021-02-08,79.29,80.61,78.13,78.81,1207081.0
2021-02-09,78.56,79.31,78.01,78.84,1157928.0
2021-02-10,80.18,80.74,79.63,79.89,535613.0
2021-02-11,80.35,80.72,79.41,80.09,800983.0
2021-02-12,80.67,81.78,79.65,80.47,3622205.0
2021-02-15,82.26,82.36,81.82,81.94,1354833.0
2021-02-16,81.07,81.09,80.57,81.0,1101520.0
2021-02-17,80.59,81.19,80.55,80.73,2977055.0
2021-02-18,83.11,83.9,81.89,82.84,986464.0
2021-02-19,82.88,83.13,82.06,82.6,1148870.0
2021-02-22,81.24,81.62,80.39,80.97,1973662.0
2021-02-23,80.14,80.62,79.81,80.13,984247.0
2021-02-24,78.8,79.11,78.46,78.97,827976.0
2021-02-25,79.47,79.49,79.17,79.42,389696.0
2021-02-26,78.54,78.93,78.12,78.32,752948.0
2021-03-01,78.9,79.16,77.93,78.66,749368.0
2021-03-02,77.66,77.89,77.25,77.76,1301832.0
2021-03-03,75.29,75.53,74.42,75.21,886265.0
2021-03-04,75.29,75.66,74.81,75.59,3537778.0
2021-03-05,76.0,76.25,75.04,75.77,708699.0
2021-03-08,76.22,76.46,76.13,76.4,2422531.0
2021-03-09,75.78,75.79,75.52,75.61,1342275.0
2021-03-10,74.43,75.09,73.58,74.69,1800162.0
2021-03-11,75.41,75.69,74.76,75.17,1746300.0
2021-03-12,77.08,77.25,76.34,77.0,396679.0
2021-03-15,76.84,77.41,76.71,77.02,1195678.0
2021-03-16,77.71,77.88,77.1,77.55,1054826.0
2021-03-17,77.03,77.28,76.97,77.17,682495.0
2021-03-18,75.49,75.53,75.05,75.32,1513315.0
2021-03-19,76.42,76.68,76.1,76.49,2837035.0
2021-03-22,77.2,78.02,76.98,77.6,316000.0
2021-03-23,78.25,79.1,78.02,78.48,920586.0
2021-03-24,78.16,78.4,77.73,78.27,645072.0
2021-03-25,79.34,79.85,78.52,79.01,1246548.0
2021-03-26,80.36,80.49,79.61,80.14,1021915.0
2021-03-29,82.62,83.12,82.21,82.22,888386.0
2021-03-30,83.94,84.79,82.93,83.52,1697646.0
2021-03-31,83.48,84.61,83.27,83.62,2725304.0
2021-04-01,81.87,82.24,81.43,81.92,4550098.0
2021-04-02,82.03,82.55,81.52,82.13,830834.0
2021-04-05,82.31,82.6,82.06,82.47,483865.0
2021-04-06,82.95,83.59,82.91,83.41,1590562.0
2021-04-07,85.21,86.03,85.09,85.22,2690513.0
2021-04-08,84.77,85.14,84.52,85.1,1806397.0
2021-04-09,87.96,88.44,87.55,87.97,2684952.0
2021-04-12,86.12,86.27,85.27,85.58,1074383.0
2021-04-13,86.02,86.18,85.43,86.15,886656.0
2021-04-14,85.14,86.13,85.05,85.09,1274058.0
2021-04-15,82.8,83.26,82.32,82.58,1019399.0
2021-04-16,82.4,82.54,81.99,82.33,1675374.0
2021-04-19,80.54,80.67,80.32,80.47,1953013.0
2021-04-20,80.19,81.08,80.0,80.27,2031006.0
2021-04-21,80.27,80.34,80.0,80.33,1552375.0
2021-04-22,81.53,81.93,81.31,81.76,1359886.0
2021-04-23,80.06,80.08,79.53,79.85,1789082.0
2021-04-26,80.59,81.21,80.49,81.01,450676.0
2021-04-27,81.38,81.4,80.46,81.15,1336127.0
2021-04-28,82.14,83.45,81.99,82.48,1234577.0
2021-04-29,82.17,82.93,81.6,81.93,1337804.0
2021-04-30,80.16,80.41,79.88,80.24,1151054.0
2021-05-03,78.44,79.47,77.53,78.73,1492447.0
2021-05-04,77.28,77.44,77.14,77.15,902297.0
2021-05-05,77.96,78.29,77.01,77.74,2115415.0
2021-05-06,79.47,80.27,79.34,79.58,1523963.0
2021-05-07,79.05,79.43,78.85,78.88,1296713.0
2021-05-10,79.13,79.95,78.92,79.68,848514.0
2021-05-11,77.49,78.1,77.37,77.8,1807867.0
2021-05-12,78.33,78.51,77.55,78.03,1333516.0
2021-05-13,78.81,79.09,78.29,78.86,824274.0
2021-05-14,76.66,77.11,76.36,77.09,1169012.0
2021-05-17,76.69,77.03,76.44,76.86,1647124.0
2021-05-18,77.52,77.79,76.99,77.74,1584512.0
2021-05-19,74.2,74.52,73.87,74.23,1534177.0
2021-05-20,75.74,76.26,75.44,75.82,1259551.0
2021-05-21,76.29,77.39,75.5,76.25,2008522.0
2021-05-24,77.11,77.21,76.76,77.13,2233093.0
2021-05-25,76.95,77.65,76.04,76.64,1738723.0
2021-05-26,74.69,75.02,74.16,74.59,896519.0
2021-05-27,75.34,75.44,74.86,75.23,708545.0
2021-05-28,75.41,75.74,74.99,75.14,916237.0
2021-05-31,75.1,75.64,75.04,75.19,3194140.0
2021-06-01,76.21,76.55,76.02,76.5,1384498.0
2021-06-02,77.71,78.44,77.33,77.43,3482360.0
2021-06-03,79.85,80.32,79.78,79.82,1132458.0
2021-06-04,80.05,80.41,79.68,80.02,1056628.0
2021-06-07,79.01,79.57,78.81,79.16,1158888.0
2021-06-08,78.79,79.64,78.71,78.94,1148438.0
2021-06-09,79.67,80.11,79.44,79.46,816820.0
2021-06-10,80.99,81.04,80.55,80.76,677101.0
2021-06-11,79.11,79.44,78.6,78.92,1545207.0
2021-06-14,79.13,80.96,78.22,78.94,2037941.0
2021-06-15,81.11,81.64,80.45,80.98,4083605.0
2021-06-16,80.71,81.53,80.14,80.68,968151.0
2021-06-17,81.84,82.17,81.81,81.88,1008195.0
2021-06-18,82.83,82.84,82.32,82.53,817810.0
2021-06-21,83.7,84.85,83.56,83.79,2111404.0
2021-06-22,82.83,83.32,82.61,82.74,1807570.0
2021-06-23,81.51,81.95,81.23,81.7,775709.0
2021-06-24,81.58,82.08,81.03,81.74,765972.0
2021-06-25,79.74,80.52,79.73,79.8,1936238.0
2021-06-28,79.28,80.17,79.16,79.47,1456575.0
2021-06-29,79.99,80.08,79.61,79.8,1757134.0
2021-06-30,81.75,82.14,81.64,82.08,773450.0
2021-07-01,82.64,82.81,82.36,82.61,470305.0
2021-07-02,83.47,83.65,83.15,83.44,776473.0
2021-07-05,84.53,85.09,84.05,84.99,1696170.0
2021-07-06,83.61,83.95,82.38,83.72,3455677.0
2021-07-07,83.58,83.65,83.36,83.51,970210.0
2021-07-08,86.89,87.1,86.68,86.77,3752482.0
2021-07-09,86.62,86.72,86.27,86.68,1821025.0
2021-07-12,88.4,88.75,87.38,88.22,599280.0
2021-07-13,89.55,89.59,89.26,89.58,1338442.0
2021-07-14,87.54,87.91,87.01,87.53,1852390.0
2021-07-15,88.04,88.45,87.32,87.97,357632.0
2021-07-16,88.43,88.61,87.34,88.18,1659830.0
2021-07-19,88.47,88.72,87.92,88.65,2161603.0
2021-07-20,87.49,87.64,87.47,87.62,1468033.0
2021-07-21,85.93,86.57,85.42,86.1,1166058.0
2021-07-22,85.38,85.72,84.64,85.47,1102992.0
2021-07-23,85.71,85.81,85.19,85.34,1071252.0
2021-07-26,87.11,87.17,86.47,86.96,667978.0
2021-07-27,89.19,89.82,88.82,89.5,852764.0
2021-07-28,91.33,91.54,90.23,91.5,976474.0
2021-07-29,92.86,93.42,92.52,92.76,1272822.0
2021-07-30,91.06,91.41,90.55,91.31,910357.0
2021-08-02,90.54,90.86,90.09,90.74,778742.0
2021-08-03,91.41,91.8,90.99,91.05,1758348.0
2021-08-04,89.99,91.22,89.75,90.15,1447440.0
2021-08-05,91.25,91.6,90.85,90.99,918397.0
2021-08-06,92.38,93.31,91.94,92.04,1549030.0
2021-08-09,92.62,93.31,92.31,92.83,958784.0
2021-08-10,94.1,94.41,94.02,94.35,1241130.0
2021-08-11,92.95,93.19,92.55,93.03,1958172.0
2021-08-12,94.1,94.72,94.01,94.41,889246.0
2021-08-13,93.43,94.48,93.21,93.39,669171.0
2021-08-16,91.97,92.23,91.27,92.03,1118426.0
2021-08-17,92.92,93.22,91.51,92.82,608205.0
2021-08-18,95.02,95.11,94.09,94.62,1046829.0
2021-08-19,95.6,95.75,94.33,95.36,1045161.0
2021-08-20,95.54,96.35,95.23,95.4,350865.0
2021-08-23,95.32,96.03,94.87,95.88,1568010.0
2021-08-24,96.23,97.07,94.87,96.1,1097620.0
2021-08-25,94.91,95.4,93.85,94.42,2171542.0
2021-08-26,91.77,92.88,91.02,92.6,1339445.0
2021-08-27,92.69,92.75,92.39,92.5,1737233.0
2021-08-30,92.58,92.89,91.24,92.63,2180401.0
2021-08-31,92.42,92.86,92.16,92.65,1125954.0
2021-09-01,93.88,93.89,92.7,93.65,1202109.0
2021-09-02,93.83,93.9,93.21,93.35,547561.0
2021-09-03,94.41,94.74,93.42,94.19,2235038.0
2021-09-06,93.88,94.66,92.71,93.99,1118111.0
2021-09-07,96.46,97.56,96.4,96.74,727329.0
2021-09-08,96.91,98.28,96.56,96.87,1740810.0
2021-09-09,100.78,101.31,99.72,100.52,404380.0
2021-09-10,100.97,102.17,100.78,101.09,970302.0
2021-09-13,100.67,100.9,100.62,100.76,1893913.0
2021-09-14,100.2,100.3,98.14,99.35,966213.0
2021-09-15,97.45,97.68,96.38,97.13,839901.0
2021-09-16,95.97,96.54,95.61,95.64,976688.0
2021-09-17,93.92,94.35,92.9,94.33,440222.0
2021-09-20,94.73,95.0,94.49,94.93,1719836.0
2021-09-21,94.18,94.6,93.99,94.16,1130937.0
2021-09-22,94.17,94.95,93.88,94.45,1049514.0
2021-09-23,96.85,97.38,96.05,96.39,1051434.0
2021-09-24,96.67,97.66,96.04,96.26,1211100.0
2021-09-27,99.32,99.77,98.98,99.48,1667304.0
2021-09-28,98.19,98.66,97.64,97.67,1171702.0
2021-09-29,97.45,97.57,96.83,97.45,608761.0
2021-09-30,97.38,97.41,95.56,96.63,1603594.0
2021-10-01,98.12,98.81,97.76,98.08,1543071.0
2021-10-04,94.86,95.26,94.62,94.69,1332761.0
2021-10-05,92.96,93.3,91.88,92.57,2058773.0
2021-10-06,92.78,93.06,92.37,92.43,1221010.0
2021-10-07,94.87,95.53,94.61,94.73,2096308.0
2021-10-08,95.03,95.81,94.81,95.07,2430495.0
2021-10-11,93.23,94.01,92.93,93.08,1609053.0
2021-10-12,91.13,91.91,90.69,91.35,827391.0
2021-10-13,93.85,94.31,92.69,93.8,1126479.0
2021-10-14,92.59,93.77,91.37,92.9,2234276.0
2021-10-15,91.05,91.75,91.0,91.54,568744.0
2021-10-18,93.72,93.75,93.52,93.71,988578.0
2021-10-19,95.58,96.24,94.32,95.22,1013092.0
2021-10-20,97.43,97.84,97.08,97.16,780270.0
2021-10-21,95.71,97.02,95.32,95.73,1860656.0
2021-10-22,93.96,94.5,92.83,93.47,1451935.0
2021-10-25,93.52,93.76,93.34,93.68,842788.0
2021-10-26,93.64,94.85,92.99,94.18,1627827.0
2021-10-27,94.12,95.07,93.71,94.74,1111023.0
2021-10-28,96.64,97.81,96.56,96.98,770583.0
2021-10-29,94.61,94.73,93.49,94.38,842005.0
2021-11-01,95.49,96.21,94.34,95.68,1495581.0
2021-11-02,94.18,94.18,93.34,94.05,1923208.0
2021-11-03,95.81,96.39,95.23,95.33,942806.0
2021-11-04,94.32,94.83,94.04,94.64,1578871.0
2021-11-05,93.57,93.8,93.22,93.44,2652139.0
2021-11-08,92.71,92.76,91.79,92.56,640859.0
2021-11-09,90.25,90.74,89.97,90.48,1436665.0
2021-11-10,90.92,91.0,90.15,90.55,1821786.0
2021-11-11,89.39,89.55,88.81,89.47,1146730.0
2021-11-12,90.49,91.01,89.83,90.59,2233637.0
2021-11-15,92.1,92.34,90.28,91.52,3610723.0
2021-11-16,94.14,95.42,93.66,94.0,1427846.0
2021-11-17,94.81,95.51,93.97,94.55,1070038.0
2021-11-18,95.73,96.58,95.26,95.34,1960071.0
2021-11-19,97.29,98.86,96.11,97.48,1832212.0
2021-11-22,96.89,96.94,95.35,96.53,341323.0
2021-11-23,94.16,94.81,92.94,94.31,1200961.0
2021-11-24,94.46,94.91,94.11,94.61,987271.0
2021-11-25,92.45,93.1,92.39,92.53,1466447.0
2021-11-26,96.01,96.22,95.8,96.18,1091617.0
2021-11-29,98.67,98.77,98.34,98.43,1152463.0
2021-11-30,101.93,102.39,101.24,101.85,781049.0
2021-12-01,101.81,102.29,101.43,101.96,1736296.0
2021-12-02,103.07,103.25,102.75,102.86,2751127.0
2021-12-03,102.05,102.54,101.91,102.13,787142.0
2021-12-06,103.47,103.59,102.82,103.57,598076.0
2021-12-07,101.64,102.8,100.84,101.62,1214693.0
2021-12-08,97.78,98.19,97.38,97.64,1185496.0
2021-12-09,96.56,96.92,95.86,96.45,2159671.0
2021-12-10,94.17,94.3,94.1,94.27,650439.0
2021-12-13,96.75,97.25,95.56,96.5,918983.0
2021-12-14,99.25,99.5,98.63,99.31,410918.0
2021-12-15,96.96,97.32,96.33,97.15,2391645.0
2021-12-16,98.72,99.71,98.19,99.16,1363100.0
2021-12-17,100.97,101.6,100.59,100.67,953871.0
2021-12-20,98.23,98.4,97.31,98.22,620862.0
2021-12-21,97.69,98.86,96.7,97.63,650022.0
2021-12-22,97.06,98.45,95.41,96.75,1479380.0
2021-12-23,97.77,98.36,97.63,97.91,691271.0
2021-12-24,95.65,96.09,93.81,96.05,1266798.0
2021-12-27,95.93,96.47,95.45,95.91,3339970.0
2021-12-28,94.98,95.49,94.25,94.89,1010753.0
2021-12-29,95.53,95.73,95.51,95.61,743614.0
2021-12-30,95.72,96.02,95.25,95.29,1455709.0
2021-12-31,93.8,95.49,93.76,94.51,651547.0
2022-01-03,94.52,94.98,93.76,94.2,2841925.0
2022-01-04,97.51,98.05,97.03,97.28,2426135.0
2022-01-05,96.79,96.92,96.52,96.65,1107831.0
2022-01-06,94.14,95.56,93.62,95.09,767853.0
2022-01-07,96.35,96.67,95.92,95.98,972004.0
2022-01-10,95.48,96.29,94.99,95.78,1037337.0
2022-01-11,93.53,94.1,92.67,93.68,1456845.0
2022-01-12,96.99,97.74,95.9,97.04,2022442.0
2022-01-13,96.63,97.11,95.75,96.51,716221.0
2022-01-14,96.13,96.2,95.69,95.95,1993604.0
2022-01-17,96.46,96.78,96.01,96.2,1637765.0
2022-01-18,99.11,99.64,97.81,98.87,932948.0
2022-01-19,96.37,96.54,95.98,96.3,698468.0
2022-01-20,96.85,97.88,96.37,96.73,1274566.0
2022-01-21,99.65,100.12,99.57,99.98,708005.0
2022-01-24,99.96,100.26,99.95,100.19,2006376.0
2022-01-25,98.53,99.25,97.16,98.27,685606.0
2022-01-26,97.57,97.63,96.41,97.33,1581451.0
2022-01-27,97.87,98.75,97.29,97.66,1155093.0
2022-01-28,99.58,100.06,98.72,99.74,908625.0
2022-01-31,99.49,100.89,99.11,99.22,1142334.0
2022-02-01,100.18,101.24,100.0,100.53,2063660.0
2022-02-02,98.61,99.15,98.12,98.29,662563.0
2022-02-03,96.02,96.64,95.28,96.09,978643.0
2022-02-04,95.86,96.96,94.69,95.38,825817.0
2022-02-07,97.13,97.96,96.82,97.57,1179606.0
2022-02-08,98.21,98.55,97.68,97.69,853977.0
2022-02-09,98.04,98.64,98.04,98.15,496808.0
2022-02-10,98.48,99.62,97.59,98.59,709582.0
2022-02-11,100.4,100.4,99.75,100.34,2727450.0
2022-02-14,99.18,99.41,98.98,99.39,1360502.0
2022-02-15,100.46,100.82,100.14,100.49,1337324.0
2022-02-16,98.97,99.53,98.84,99.19,1044129.0
2022-02-17,102.13,104.4,102.07,102.35,1171959.0
2022-02-18,101.23,101.62,100.66,101.08,970041.0
2022-02-21,99.43,100.54,98.85,99.7,1565106.0
2022-02-22,100.34,100.81,99.37,100.57,1264775.0
2022-02-23,100.3,100.89,100.21,100.71,669553.0
2022-02-24,101.09,101.25,100.71,101.24,1365269.0
2022-02-25,102.02,103.29,100.62,101.62,351733.0
2022-02-28,99.65,100.08,99.63,99.9,1479078.0
2022-03-01,102.26,103.17,102.08,102.48,594408.0
2022-03-02,104.01,104.89,103.33,103.95,1146211.0
2022-03-03,106.09,106.66,105.18,106.21,661779.0
2022-03-04,106.04,106.89,105.09,105.34,1204303.0
2022-03-07,105.99,106.84,105.93,106.04,1605811.0
2022-03-08,106.49,106.96,106.28,106.39,2549515.0
2022-03-09,108.61,108.69,107.15,108.3,556444.0
2022-03-10,110.62,111.96,109.65,110.31,1958592.0
2022-03-11,110.74,111.37,110.03,110.66,1284110.0
2022-03-14,108.01,108.44,107.86,108.06,959979.0
2022-03-15,111.82,112.05,110.75,111.15,1758424.0
2022-03-16,112.1,112.18,111.12,112.14,1068790.0
2022-03-17,110.93,112.1,110.21,111.08,1721601.0
2022-03-18,111.59,111.89,111.29,111.8,732241.0
2022-03-21,108.62,109.2,107.72,109.19,876333.0
2022-03-22,111.3,112.36,110.72,111.03,1927627.0
2022-03-23,107.74,108.93,107.3,108.5,2527396.0
2022-03-24,108.13,108.66,107.45,108.14,1181723.0
2022-03-25,108.5,108.69,108.25,108.57,298449.0
2022-03-28,111.11,111.78,110.26,110.37,1088679.0
2022-03-29,109.96,110.57,109.39,110.57,1222261.0
2022-03-30,111.39,112.15,110.27,111.69,1070475.0
2022-03-31,111.61,112.56,111.27,111.65,1422845.0
2022-04-01,111.54,112.6,110.64,111.61,947465.0
2022-04-04,111.59,111.97,111.55,111.77,1829284.0
2022-04-05,111.43,112.11,110.51,111.45,671080.0
2022-04-06,108.13,108.75,108.02,108.54,2232035.0
2022-04-07,107.37,108.13,106.76,107.25,2610466.0
2022-04-08,106.93,107.82,106.11,107.68,761823.0
2022-04-11,107.26,107.49,107.12,107.27,761618.0
2022-04-12,106.82,107.48,106.21,107.02,1476740.0
2022-04-13,106.81,108.22,105.8,106.49,664234.0
2022-04-14,105.61,106.08,104.4,105.06,940060.0
2022-04-15,104.16,104.71,103.49,104.26,2087053.0
2022-04-18,104.2,104.94,103.59,103.77,1738970.0
2022-04-19,103.69,104.48,103.19,103.79,3236808.0
2022-04-20,104.14,104.59,104.11,104.45,1309809.0
2022-04-21,104.71,104.79,103.78,104.16,886096.0
2022-04-22,102.66,103.3,102.35,102.5,1233815.0
2022-04-25,100.28,100.64,99.91,100.28,1115380.0
2022-04-26,104.69,104.77,103.84,104.48,1123233.0
2022-04-27,102.73,103.07,102.25,102.64,1188376.0
2022-04-28,101.8,102.95,101.09,101.82,754731.0
2022-04-29,102.26,102.82,102.23,102.67,1384859.0
2022-05-02,103.18,103.59,102.97,103.26,594614.0
2022-05-03,104.32,105.3,103.63,104.12,840361.0
2022-05-04,103.37,104.18,102.71,103.41,1133205.0
2022-05-05,104.09,104.25,103.18,103.81,388568.0
2022-05-06,104.05,104.26,103.08,103.93,1766474.0
2022-05-09,103.16,104.04,103.16,103.43,430810.0
2022-05-10,103.43,104.2,103.39,103.84,1680823.0
2022-05-11,105.54,106.76,105.06,105.59,630076.0
2022-05-12,105.4,106.44,105.06,105.57,982191.0
2022-05-13,105.66,106.48,105.3,105.55,1559016.0
2022-05-16,107.13,107.71,106.2,107.36,3609464.0
2022-05-17,108.81,109.03,108.76,109.01,1274706.0
2022-05-18,112.13,112.99,110.89,111.77,446273.0
2022-05-19,108.79,109.3,108.57,108.74,1937381.0
2022-05-20,110.08,110.35,109.53,110.31,1070933.0
2022-05-23,111.38,112.51,111.36,111.37,1245383.0
2022-05-24,110.3,111.58,108.87,109.84,1589502.0
2022-05-25,110.39,110.78,109.78,110.29,395265.0
2022-05-26,112.35,113.55,111.44,112.15,1206541.0
2022-05-27,110.45,110.85,110.09,110.7,979848.0
2022-05-30,111.83,112.51,111.34,111.49,2215342.0
2022-05-31,113.83,114.34,111.91,113.04,1729870.0
2022-06-01,110.9,111.61,110.68,111.17,533119.0
2022-06-02,110.54,111.99,109.37,110.93,2260989.0
2022-06-03,111.53,111.87,110.78,111.47,1505691.0
2022-06-06,110.38,111.27,109.49,110.09,554809.0
2022-06-07,108.56,109.02,108.23,108.59,1236600.0
2022-06-08,108.03,108.9,107.59,108.37,2017588.0
2022-06-09,109.73,110.11,109.61,109.76,655385.0
2022-06-10,111.09,111.47,110.55,110.89,2394748.0
2022-06-13,109.28,110.22,108.6,109.41,564494.0
2022-06-14,110.76,111.58,110.33,110.55,809674.0
2022-06-15,109.5,110.49,108.66,109.12,750552.0
2022-06-16,106.48,107.97,106.37,106.4,2393978.0
2022-06-17,105.79,105.91,104.87,105.8,940806.0
2022-06-20,107.97,108.13,107.2,107.7,672388.0
2022-06-21,108.55,109.28,108.12,108.83,1502447.0
2022-06-22,108.53,109.16,107.48,108.84,1673772.0
2022-06-23,108.05,108.76,107.87,108.14,1679099.0
2022-06-24,107.33,107.68,106.65,107.49,1050031.0
2022-06-27,107.43,108.81,107.31,107.69,1365822.0
2022-06-28,106.48,106.69,105.46,105.9,868813.0
2022-06-29,106.02,106.19,105.1,105.34,2778442.0
2022-06-30,104.88,105.14,104.21,104.99,2131001.0
2022-07-01,102.82,103.11,102.5,102.79,2066730.0
2022-07-04,101.4,101.59,100.79,101.45,1788804.0
2022-07-05,102.46,103.25,101.14,102.12,1559486.0
2022-07-06,102.55,102.74,102.12,102.15,645525.0
2022-07-07,101.13,101.9,100.54,101.67,1650602.0
2022-07-08,100.37,100.72,99.32,100.23,1273313.0
2022-07-11,102.36,102.78,101.41,102.76,2261824.0
2022-07-12,101.96,102.55,101.21,101.43,1800742.0
2022-07-13,101.98,102.67,101.21,101.84,1583567.0
2022-07-14,100.82,102.66,100.71,101.07,518081.0
2022-07-15,101.07,102.2,100.52,101.14,1150261.0
2022-07-18,101.8,102.23,100.85,101.89,909867.0
2022-07-19,99.88,99.95,99.15,99.72,1364342.0
2022-07-20,100.03,100.43,98.71,99.72,976984.0
2022-07-21,101.27,103.38,101.24,101.62,1047615.0
2022-07-22,105.07,105.53,103.93,104.49,1512867.0
2022-07-25,104.79,105.24,103.5,104.29,968914.0
2022-07-26,104.1,104.96,103.94,104.37,1277986.0
2022-07-27,108.11,108.52,107.53,108.08,562583.0
2022-07-28,110.61,110.71,110.04,110.04,793175.0
2022-07-29,109.39,110.25,107.94,108.99,1669478.0
2022-08-01,107.84,108.16,107.59,107.95,650115.0
2022-08-02,109.87,110.58,109.56,109.6,2241963.0
2022-08-03,108.85,109.1,107.78,107.88,1957541.0
2022-08-04,109.79,110.37,109.39,109.76,1051665.0
2022-08-05,110.14,111.01,110.08,110.35,5386288.0
2022-08-08,111.32,112.03,110.92,111.26,2239027.0
2022-08-09,110.91,111.35,109.24,110.83,748151.0
2022-08-10,109.57,110.23,109.5,109.75,1746435.0
2022-08-11,112.46,113.16,111.3,112.31,1242867.0
2022-08-12,111.47,112.37,111.23,111.89,815571.0
2022-08-15,110.96,111.4,110.89,111.18,704360.0
2022-08-16,111.31,111.95,110.96,111.05,1977703.0
2022-08-17,110.82,111.75,110.01,111.41,891827.0
2022-08-18,109.92,110.42,109.42,109.62,1142880.0
2022-08-19,108.01,108.72,106.72,108.67,758795.0
2022-08-22,107.07,107.71,106.51,107.63,827299.0
2022-08-23,108.92,109.68,108.85,109.08,1128653.0
2022-08-24,107.67,108.39,106.81,107.58,1460210.0
2022-08-25,105.08,105.5,103.76,104.66,329661.0
2022-08-26,101.5,102.74,101.33,101.48,1212821.0
2022-08-29,99.09,99.41,99.0,99.17,828142.0
2022-08-30,101.5,102.25,100.73,101.33,2424610.0
2022-08-31,101.1,101.65,100.29,101.36,5237613.0
2022-09-01,102.22,102.77,101.93,102.18,1004862.0
2022-09-02,102.69,103.62,102.18,103.06,508330.0
2022-09-05,103.19,103.78,103.06,103.16,1274977.0
2022-09-06,103.01,103.29,102.73,103.05,1085211.0
2022-09-07,104.52,105.64,104.25,104.77,3222524.0
2022-09-08,105.08,105.32,104.68,105.03,2767056.0
2022-09-09,107.43,108.53,106.8,107.38,1853688.0
2022-09-12,108.83,109.89,108.22,108.45,896858.0
2022-09-13,106.89,107.63,106.78,107.41,1687710.0
2022-09-14,106.56,106.76,105.37,106.58,1372992.0
2022-09-15,105.14,105.97,104.18,105.38,1356830.0
2022-09-16,107.71,108.09,106.34,107.43,551769.0
2022-09-19,107.0,107.96,106.58,106.76,2044978.0
2022-09-20,105.6,106.01,105.08,105.44,1269209.0
2022-09-21,105.76,107.26,105.55,105.98,1143471.0
2022-09-22,106.12,107.11,105.39,105.83,890841.0
2022-09-23,105.85,106.49,105.54,106.34,808707.0
2022-09-26,108.99,110.99,108.31,109.56,1409336.0
2022-09-27,110.74,111.7,110.42,111.16,501530.0
2022-09-28,111.21,111.52,110.85,111.22,1784679.0
2022-09-29,109.02,109.4,106.44,108.8,709948.0
2022-09-30,106.99,108.63,106.22,107.95,429621.0
2022-10-03,109.62,109.96,108.57,109.18,2990490.0
2022-10-04,107.24,107.29,106.97,107.2,783054.0
2022-10-05,110.37,111.78,109.95,110.89,838123.0
2022-10-06,110.96,111.97,110.74,110.93,2120726.0
2022-10-07,111.39,112.03,110.3,111.02,3039536.0
2022-10-10,110.07,111.28,109.22,109.88,558773.0
2022-10-11,111.12,112.59,110.04,110.75,745579.0
2022-10-12,108.32,108.9,107.97,108.76,773484.0
2022-10-13,112.41,112.65,112.19,112.55,1919165.0
2022-10-14,114.6,115.15,114.07,114.92,2729328.0
2022-10-17,117.33,117.99,115.97,116.73,700727.0
2022-10-18,114.43,115.38,113.23,114.21,2439668.0
2022-10-19,115.58,116.88,114.35,114.6,843642.0
2022-10-20,116.65,117.44,115.7,116.81,1422692.0
2022-10-21,117.67,117.98,116.75,117.92,636840.0
2022-10-24,116.04,116.4,115.79,116.09,1131477.0
2022-10-25,115.4,115.69,114.42,114.92,1137614.0
2022-10-26,113.99,114.93,113.59,114.12,1027276.0
2022-10-27,113.09,113.99,112.29,113.05,1457868.0
2022-10-28,115.85,116.18,114.79,115.82,726857.0
2022-10-31,112.4,112.89,112.23,112.38,773080.0
2022-11-01,113.34,113.66,112.37,113.56,1496944.0
2022-11-02,111.24,111.88,110.35,111.29,2352567.0
2022-11-03,109.57,109.72,109.33,109.63,1188964.0
2022-11-04,106.22,107.0,104.73,106.22,1547011.0
2022-11-07,105.62,106.58,104.94,105.32,1756862.0
2022-11-08,108.44,108.67,107.19,107.87,1821649.0
2022-11-09,108.06,108.38,108.03,108.33,746565.0
2022-11-10,106.19,108.02,105.7,106.32,815450.0
2022-11-11,107.78,108.75,107.22,108.05,851677.0
2022-11-14,110.24,110.78,110.06,110.18,3154425.0
2022-11-15,110.19,111.0,110.05,110.37,1550513.0
2022-11-16,114.06,114.54,112.77,113.98,1516109.0
2022-11-17,115.86,116.43,114.76,115.47,1444275.0
2022-11-18,115.85,117.31,115.63,116.74,621321.0
2022-11-21,115.45,116.57,114.78,115.28,3169534.0
2022-11-22,116.28,117.89,116.27,116.44,1528189.0
2022-11-23,117.01,117.27,116.8,116.85,1726454.0
2022-11-24,117.51,118.85,116.81,117.83,497445.0
2022-11-25,116.99,117.98,116.56,116.58,1775907.0
2022-11-28,117.14,117.55,115.9,116.82,1006404.0
2022-11-29,115.54,116.15,115.24,115.34,620703.0
2022-11-30,111.79,112.32,110.51,111.52,746476.0
2022-12-01,113.05,114.06,112.2,113.3,638932.0
2022-12-02,110.46,111.49,110.07,110.66,633559.0
2022-12-05,111.11,112.53,110.72,110.86,1239569.0
2022-12-06,111.2,111.76,111.15,111.46,991147.0
2022-12-07,112.53,112.89,111.64,112.05,1421232.0
2022-12-08,111.45,112.06,111.12,111.56,2780074.0
2022-12-09,112.22,112.6,111.85,112.05,1127201.0
2022-12-12,113.61,114.79,112.77,112.9,391427.0
2022-12-13,113.98,115.43,113.4,114.23,1065570.0
2022-12-14,117.43,117.87,116.75,117.4,2184062.0
2022-12-15,118.22,118.57,117.69,117.85,1152023.0
2022-12-16,118.32,118.41,117.55,117.98,2583525.0
2022-12-19,116.21,116.94,115.37,116.32,1508265.0
2022-12-20,116.95,117.66,115.74,117.14,479676.0
2022-12-21,118.3,118.87,117.4,118.39,1270335.0
2022-12-22,118.56,118.62,116.69,118.04,1395133.0
2022-12-23,118.97,119.91,118.4,119.07,2064044.0
2022-12-26,118.57,118.87,118.2,118.54,2987114.0
2022-12-27,119.66,120.41,118.71,119.81,1893358.0
2022-12-28,121.82,122.79,121.46,121.56,1498897.0
2022-12-29,123.36,123.61,122.99,123.31,1686379.0
2022-12-30,123.18,123.74,123.04,123.55,1105708.0
2023-01-02,121.2,121.68,120.81,121.56,578712.0
2023-01-03,119.68,120.6,119.19,120.41,1227817.0
2023-01-04,121.25,121.98,119.62,121.55,1443592.0
2023-01-05,126.65,128.85,125.6,126.35,658797.0
2023-01-06,126.18,127.09,124.95,125.68,2334506.0
2023-01-09,126.87,128.23,124.7,126.6,1988131.0
2023-01-10,125.72,126.19,123.85,125.52,605687.0
2023-01-11,123.57,124.41,123.02,123.62,2380726.0
2023-01-12,122.61,122.71,120.88,122.32,1030797.0
2023-01-13,118.49,118.62,117.14,118.39,814846.0
2023-01-16,121.61,122.34,120.6,120.95,2062932.0
2023-01-17,116.76,116.83,116.09,116.79,1172294.0
2023-01-18,116.79,117.35,115.78,116.32,3108319.0
2023-01-19,114.5,115.4,113.82,114.2,785092.0
2023-01-20,112.88,113.47,112.43,112.63,505939.0
2023-01-23,114.42,115.53,114.28,115.11,1045265.0
2023-01-24,115.81,116.55,114.28,115.49,1784433.0
2023-01-25,113.72,114.42,112.48,113.76,756478.0
2023-01-26,112.57,113.97,112.17,112.72,618437.0
2023-01-27,110.89,112.55,110.18,111.38,1348446.0
2023-01-30,111.32,111.79,111.08,111.32,578478.0
2023-01-31,111.65,112.93,110.69,111.64,1401910.0
2023-02-01,114.58,115.58,114.1,115.03,1014279.0
2023-02-02,111.13,112.67,109.57,111.63,1539908.0
2023-02-03,111.74,112.3,111.34,111.58,602044.0
2023-02-06,111.33,111.69,110.37,111.04,2301523.0
2023-02-07,112.78,113.13,112.57,112.72,1097431.0
2023-02-08,113.75,113.82,112.99,113.36,1761650.0
2023-02-09,114.4,114.79,114.39,114.43,1943377.0
2023-02-10,115.05,115.93,114.87,115.07,674197.0
2023-02-13,113.09,113.72,112.08,113.41,1869401.0
2023-02-14,115.06,116.72,114.37,115.6,589757.0
2023-02-15,117.73,117.84,116.58,117.08,606179.0
2023-02-16,119.2,119.52,118.52,118.79,3210700.0
2023-02-17,120.69,122.14,120.67,121.2,2096808.0
2023-02-20,122.07,122.29,121.84,122.01,3391667.0
2023-02-21,124.87,125.06,124.63,124.9,999383.0
2023-02-22,125.56,125.89,124.7,125.66,1265799.0
2023-02-23,125.09,125.92,124.27,125.24,1565440.0
2023-02-24,125.39,125.76,124.82,125.25,1195293.0
2023-02-27,125.52,126.51,124.65,125.21,828135.0
2023-02-28,124.36,124.97,123.47,124.21,768317.0
2023-03-01,127.41,127.64,126.33,127.46,1338327.0
2023-03-02,128.01,129.4,127.81,128.07,705435.0
2023-03-03,128.63,129.24,126.95,128.27,695627.0
2023-03-06,129.25,130.09,129.0,129.07,1464151.0
2023-03-07,135.32,136.47,134.9,135.29,1146725.0
2023-03-08,132.9,135.79,132.28,132.92,1921474.0
2023-03-09,131.31,131.34,130.37,131.17,972421.0
2023-03-10,128.19,129.46,126.78,128.37,899300.0
2023-03-13,128.23,129.01,127.53,127.91,1486265.0
2023-03-14,128.01,129.19,127.61,128.42,801297.0
2023-03-15,127.34,128.86,126.07,127.5,865391.0
2023-03-16,126.67,126.98,125.83,126.43,882728.0
2023-03-17,126.3,127.11,125.92,126.73,1082895.0
2023-03-20,125.16,125.99,123.94,125.75,2917443.0
2023-03-21,126.4,126.54,126.14,126.38,604167.0
2023-03-22,127.98,128.88,127.22,128.63,2298469.0
2023-03-23,129.52,131.24,128.99,130.02,1739126.0
2023-03-24,132.16,132.53,131.46,131.86,2632618.0
2023-03-27,134.06,134.39,133.16,134.15,5770925.0
2023-03-28,135.28,135.42,133.72,134.76,2460134.0
2023-03-29,133.95,134.62,132.89,134.44,1910420.0
2023-03-30,132.79,134.35,132.64,132.83,623904.0
2023-03-31,132.19,132.65,131.72,132.03,664566.0
2023-04-03,130.5,131.5,129.08,130.96,1439916.0
2023-04-04,132.9,134.05,131.94,132.49,514506.0
2023-04-05,133.44,134.36,131.91,133.23,1635926.0
2023-04-06,134.07,135.66,133.56,134.72,413552.0
2023-04-07,132.28,132.32,132.19,132.29,2139573.0
2023-04-10,135.48,137.17,134.97,135.33,1023921.0
2023-04-11,134.2,134.79,132.81,134.43,1281188.0
2023-04-12,131.55,133.52,131.4,132.14,827210.0
2023-04-13,131.35,132.43,131.09,131.24,465439.0
2023-04-14,137.4,138.04,136.35,136.5,2229633.0
2023-04-17,135.52,137.03,134.36,135.68,2345128.0
2023-04-18,135.64,136.54,133.83,135.0,1008784.0
2023-04-19,134.31,135.13,133.66,134.61,1674399.0
2023-04-20,134.4,135.26,133.49,134.31,989104.0
2023-04-21,132.99,133.14,132.42,132.68,1389209.0
2023-04-24,132.99,133.08,132.57,133.0,1757793.0
2023-04-25,135.16,135.57,134.72,135.29,1587296.0
2023-04-26,136.27,136.9,135.86,135.97,2351314.0
2023-04-27,134.39,134.99,132.26,133.63,1558821.0
2023-04-28,133.04,133.25,132.8,132.92,1219611.0
2023-05-01,131.58,132.06,130.96,131.79,821831.0
2023-05-02,131.84,132.48,131.82,131.91,946709.0
2023-05-03,135.74,135.89,133.3,134.72,1803114.0
2023-05-04,134.47,135.13,134.01,134.42,567551.0
2023-05-05,134.01,134.3,133.06,134.25,2090479.0
2023-05-08,137.6,138.15,137.19,138.08,1044896.0
2023-05-09,139.24,140.23,139.14,140.01,798665.0
2023-05-10,141.45,142.95,140.71,141.3,694285.0
2023-05-11,146.03,146.14,144.86,145.74,1684845.0
2023-05-12,146.71,147.77,145.79,146.89,1193833.0
2023-05-15,142.37,142.57,141.56,142.38,2661453.0
2023-05-16,143.77,144.48,143.49,144.27,639513.0
2023-05-17,140.77,140.87,140.14,140.72,900692.0
2023-05-18,141.94,141.99,140.67,141.74,1148411.0
2023-05-19,137.76,138.21,137.26,137.98,825770.0
2023-05-22,137.68,138.47,136.5,136.98,1206289.0
2023-05-23,135.88,137.42,135.11,136.22,1410917.0
2023-05-24,134.71,135.23,134.16,134.59,1532241.0
2023-05-25,134.21,134.93,133.14,133.87,2553776.0
2023-05-26,136.05,136.69,134.95,136.08,626725.0
2023-05-29,134.5,134.7,134.25,134.57,1423857.0
2023-05-30,135.17,136.37,134.2,135.75,870244.0
2023-05-31,134.26,134.83,132.77,133.72,1491073.0
2023-06-01,133.26,133.96,131.79,133.33,1492057.0
2023-06-02,134.25,134.94,133.66,134.03,734203.0
2023-06-05,132.22,133.09,131.65,131.96,766373.0
2023-06-06,129.03,129.58,128.42,129.27,1553190.0
2023-06-07,130.22,130.31,130.2,130.29,1216760.0
2023-06-08,133.17,133.36,132.24,132.63,1077538.0
2023-06-09,132.04,133.98,131.95,132.48,1671101.0
2023-06-12,132.39,133.76,130.73,131.55,1733857.0
2023-06-13,131.59,132.1,130.78,131.89,922816.0
2023-06-14,131.55,132.15,130.93,132.02,785420.0
2023-06-15,132.59,133.58,131.63,132.54,639883.0
2023-06-16,128.22,130.03,126.75,127.38,1222890.0
2023-06-19,124.55,125.65,124.12,125.27,590320.0
2023-06-20,123.57,123.91,122.29,123.62,1263902.0
2023-06-21,124.11,124.36,123.3,123.93,2209813.0
2023-06-22,124.32,124.45,123.76,124.31,1007790.0
2023-06-23,125.72,126.81,125.29,125.58,919787.0
2023-06-26,125.83,126.61,125.69,126.1,3265497.0
2023-06-27,123.34,124.27,122.9,123.56,2558293.0
2023-06-28,126.36,126.46,126.03,126.42,820526.0
2023-06-29,128.56,130.08,128.52,128.99,1289167.0
2023-06-30,126.46,128.05,126.14,126.48,1417406.0
2023-07-03,127.01,128.32,126.69,127.16,1331518.0
2023-07-04,125.81,126.26,125.72,125.98,2979711.0
2023-07-05,126.39,126.42,124.91,126.27,1256216.0
2023-07-06,127.7,128.56,127.25,128.4,1354059.0
2023-07-07,132.7,133.09,131.97,132.8,1696930.0
2023-07-10,135.33,136.96,134.01,134.39,2180271.0
2023-07-11,134.59,135.7,134.55,135.03,1921179.0
2023-07-12,134.85,135.6,133.28,134.33,1573861.0
2023-07-13,134.75,134.75,133.59,134.73,551640.0
2023-07-14,137.41,137.71,137.08,137.66,942161.0
2023-07-17,137.03,138.55,136.27,137.58,1811581.0
2023-07-18,135.75,136.94,134.82,135.69,1363001.0
2023-07-19,132.86,133.05,132.09,132.29,1817667.0
2023-07-20,133.22,134.01,131.38,133.37,3089695.0
2023-07-21,133.88,134.2,133.44,133.91,667649.0
2023-07-24,132.97,132.98,131.3,132.57,2124305.0
2023-07-25,134.88,135.05,134.16,134.74,1019495.0
2023-07-26,133.24,134.42,132.74,133.87,1919691.0
2023-07-27,133.64,133.88,132.94,133.6,1178072.0
2023-07-28,134.19,134.65,133.27,133.58,3483340.0
2023-07-31,132.84,133.58,132.55,132.86,1283426.0
2023-08-01,132.27,133.44,131.73,133.37,873045.0
2023-08-02,135.98,137.04,134.93,135.82,1483534.0
2023-08-03,133.34,134.0,132.92,133.42,1414054.0
2023-08-04,133.73,137.04,132.16,134.46,2124503.0
2023-08-07,134.16,135.24,133.31,134.84,1504583.0
2023-08-08,135.58,135.61,135.06,135.19,4145493.0
2023-08-09,136.77,137.18,136.65,137.07,1137448.0
2023-08-10,136.82,138.82,136.11,137.19,1144170.0
2023-08-11,138.24,138.73,138.2,138.25,889182.0
2023-08-14,139.56,140.28,139.52,139.83,1255236.0
2023-08-15,138.78,140.15,138.55,138.74,1349884.0
2023-08-16,139.33,139.72,139.12,139.41,1384162.0
2023-08-17,138.38,139.29,138.31,138.88,1243691.0
2023-08-18,138.39,139.26,137.46,138.61,886547.0
2023-08-21,138.1,138.77,137.85,137.92,773876.0
2023-08-22,138.98,140.49,138.94,138.96,996907.0
2023-08-23,139.12,140.22,139.1,139.16,2128161.0
2023-08-24,140.86,141.59,138.95,140.04,2369998.0
2023-08-25,140.33,140.45,139.09,140.02,1157204.0
2023-08-28,136.89,137.31,135.09,136.54,751036.0
2023-08-29,136.56,136.63,135.59,136.63,1154772.0
2023-08-30,136.87,137.83,136.24,136.78,3422332.0
2023-08-31,137.14,137.32,136.53,137.32,1981736.0
2023-09-01,136.37,136.81,135.21,136.05,1583853.0
2023-09-04,133.49,134.21,132.36,133.53,1946109.0
2023-09-05,134.96,135.46,133.98,134.87,2598080.0
2023-09-06,134.37,134.65,134.08,134.3,675742.0
2023-09-07,134.67,136.21,132.78,134.68,988536.0
2023-09-08,135.28,136.44,133.1,134.1,923235.0
2023-09-11,133.83,134.57,133.64,134.1,1612921.0
2023-09-12,132.9,133.29,130.97,133.17,1302838.0
2023-09-13,131.45,132.55,131.11,131.17,1755309.0
2023-09-14,131.93,132.8,131.65,132.17,933369.0
2023-09-15,130.82,132.74,130.52,130.94,2388022.0
2023-09-18,130.86,132.12,130.19,131.29,1161628.0
2023-09-19,132.35,132.62,132.03,132.16,1701929.0
2023-09-20,131.15,132.56,130.21,130.95,2186261.0
2023-09-21,128.39,129.2,126.95,128.51,2100240.0
2023-09-22,133.82,134.38,132.31,133.53,1440375.0
2023-09-25,131.7,132.64,131.18,132.44,1811514.0
2023-09-26,133.48,133.99,133.41,133.76,2872894.0
2023-09-27,137.86,138.17,137.31,137.93,1554712.0
2023-09-28,139.18,140.36,139.16,139.67,834991.0
2023-09-29,138.3,139.25,136.94,139.03,1609647.0
2023-10-02,138.77,139.21,138.04,138.89,1180395.0
2023-10-03,137.39,138.5,136.93,137.1,371758.0
2023-10-04,139.57,140.43,138.26,139.03,1515111.0
2023-10-05,140.06,140.86,139.61,140.29,1274832.0
2023-10-06,139.48,140.39,138.85,139.18,2144054.0
2023-10-09,137.19,137.37,136.12,136.93,826498.0
2023-10-10,134.61,135.23,133.71,134.12,566451.0
2023-10-11,136.1,136.67,135.4,136.24,1308433.0
2023-10-12,135.78,136.73,135.65,136.51,1454378.0
2023-10-13,137.02,137.29,136.78,136.99,1260371.0
2023-10-16,134.83,137.12,134.39,135.24,1215121.0
2023-10-17,131.89,132.24,131.36,132.18,704777.0
2023-10-18,134.09,134.71,132.8,134.21,1121908.0
2023-10-19,134.18,135.88,133.45,134.32,1010340.0
2023-10-20,136.32,137.03,135.5,136.26,2056167.0
2023-10-23,135.74,136.63,135.04,135.45,1453758.0
2023-10-24,134.82,135.74,133.55,134.97,1046541.0
2023-10-25,136.67,137.01,136.38,136.51,2847473.0
2023-10-26,138.11,138.97,137.9,138.11,1051309.0
2023-10-27,140.26,140.55,139.64,139.87,1589442.0
2023-10-30,139.15,139.42,137.83,139.23,1106308.0
2023-10-31,140.57,141.14,140.09,140.6,2718460.0
2023-11-01,142.94,144.05,142.75,143.1,1255984.0
2023-11-02,142.81,144.65,142.72,142.88,1274682.0
2023-11-03,141.41,141.86,140.45,141.74,1121373.0
2023-11-06,144.41,145.61,143.24,144.79,1326767.0
2023-11-07,143.65,143.95,142.91,143.32,2190782.0
2023-11-08,144.29,145.42,143.23,144.77,1835673.0
2023-11-09,144.51,145.66,144.36,144.65,1219606.0
2023-11-10,140.96,141.37,140.38,140.53,2815534.0
2023-11-13,142.91,143.41,141.9,143.07,1860755.0
2023-11-14,137.34,138.34,136.6,137.0,965991.0
2023-11-15,132.57,133.45,131.98,132.8,603092.0
2023-11-16,133.5,135.56,132.7,133.92,977245.0
2023-11-17,134.41,135.46,134.24,135.06,1478701.0
2023-11-20,134.25,135.06,133.46,133.72,1621075.0
2023-11-21,133.59,135.32,132.88,134.05,2372771.0
2023-11-22,129.11,130.03,128.76,128.82,695737.0
2023-11-23,129.89,130.4,129.59,130.28,965520.0
2023-11-24,131.33,131.42,130.29,130.81,667423.0
2023-11-27,131.6,132.07,130.12,130.73,615753.0
2023-11-28,130.13,131.75,129.83,130.79,878605.0
2023-11-29,131.4,132.08,130.33,131.82,1444547.0
2023-11-30,132.08,133.03,131.02,131.78,1768597.0
2023-12-01,128.16,129.08,127.62,127.96,748497.0
2023-12-04,132.79,133.97,131.82,132.48,802400.0
2023-12-05,134.79,135.89,133.97,135.02,493900.0
2023-12-06,133.12,133.8,131.53,132.33,1338655.0
2023-12-07,131.68,131.97,131.35,131.63,833952.0
2023-12-08,130.68,132.06,128.95,131.16,2762138.0
2023-12-11,133.32,133.82,132.43,133.42,1476086.0
2023-12-12,128.51,129.4,127.96,128.98,1103809.0
2023-12-13,128.59,128.6,127.48,127.98,872784.0
2023-12-14,124.25,125.33,123.51,124.49,569586.0
2023-12-15,124.13,125.2,123.21,123.95,606866.0
2023-12-18,122.87,123.92,122.73,123.05,881103.0
2023-12-19,122.99,124.14,122.7,123.21,847926.0
2023-12-20,121.36,123.02,121.07,122.06,729718.0
2023-12-21,120.86,121.51,120.3,120.64,1452138.0
2023-12-22,122.31,123.12,120.94,121.84,1555228.0
2023-12-25,122.39,123.14,122.08,122.73,956163.0
2023-12-26,123.24,124.22,123.2,123.81,3164723.0
2023-12-27,123.78,123.79,122.87,123.48,502141.0
2023-12-28,121.78,123.42,120.48,122.39,1238092.0
2023-12-29,122.62,124.02,121.6,122.17,1078099.0
2024-01-01,122.82,123.35,122.8,123.15,913145.0
2024-01-02,118.62,120.92,118.59,119.02,848452.0
2024-01-03,119.86,120.08,119.06,119.77,1198427.0
2024-01-04,120.0,121.05,119.86,120.37,1074360.0
2024-01-05,120.25,120.66,119.46,120.5,988616.0
2024-01-08,120.36,120.89,120.23,120.23,628217.0
2024-01-09,114.64,115.73,114.62,115.48,535494.0
2024-01-10,115.26,116.12,114.56,114.7,1041051.0
2024-01-11,118.01,118.63,117.12,117.99,983578.0
2024-01-12,117.57,118.26,117.13,118.03,1089775.0
2024-01-15,117.11,118.22,116.23,117.47,1139032.0
2024-01-16,117.87,118.41,116.85,117.52,926110.0
2024-01-17,118.4,118.73,117.45,118.19,1081432.0
2024-01-18,119.93,120.15,119.31,119.44,784841.0
2024-01-19,118.78,120.15,118.52,119.02,2576578.0
2024-01-22,119.94,119.97,119.83,119.83,806235.0
2024-01-23,123.21,124.51,122.38,123.05,999000.0
2024-01-24,125.29,125.78,124.28,125.03,837441.0
2024-01-25,130.18,131.85,129.09,129.74,830439.0
2024-01-26,128.14,128.97,128.01,128.42,1217513.0
2024-01-29,131.83,132.49,131.45,131.87,1142675.0
2024-01-30,130.02,131.1,129.56,130.25,955767.0
2024-01-31,130.98,131.75,130.73,131.0,1043678.0
2024-02-01,132.81,134.41,131.42,132.53,839107.0
2024-02-02,130.83,131.74,130.08,131.48,1470132.0
2024-02-05,132.12,132.65,131.0,131.68,3360487.0
2024-02-06,133.14,133.73,132.9,133.6,776521.0
2024-02-07,132.01,132.38,130.71,132.13,1464437.0
2024-02-08,136.17,137.45,135.42,135.66,1229938.0
2024-02-09,132.88,133.69,132.46,132.75,1680018.0
2024-02-12,137.02,138.0,136.55,136.89,1703842.0
2024-02-13,138.58,139.18,138.32,139.08,1332685.0
2024-02-14,138.46,139.9,137.91,138.9,1178897.0
2024-02-15,138.42,139.74,137.81,138.03,967794.0
2024-02-16,136.71,137.02,136.69,136.95,820377.0
2024-02-19,136.47,136.93,136.05,136.67,1145758.0
2024-02-20,136.98,137.04,135.56,136.59,632671.0
2024-02-21,138.89,139.41,137.31,139.33,893652.0
2024-02-22,143.85,145.28,142.73,143.73,2091573.0
2024-02-23,144.22,145.56,143.72,144.2,1263323.0
2024-02-26,142.31,142.52,141.66,142.31,1879154.0
2024-02-27,140.89,142.09,139.32,141.11,2507563.0
2024-02-28,140.47,142.46,139.83,140.72,1100731.0
2024-02-29,138.02,140.4,137.54,138.47,1333961.0
2024-03-01,136.13,136.76,135.62,135.94,1034136.0
2024-03-04,140.24,141.04,139.71,140.52,801065.0
2024-03-05,141.62,142.0,140.36,141.21,746773.0
2024-03-06,139.29,139.79,139.05,139.38,1833203.0
2024-03-07,140.75,141.64,139.82,141.2,1334829.0
2024-03-08,138.52,139.08,137.01,138.62,3027663.0
2024-03-11,136.1,136.34,135.07,136.26,1955245.0
2024-03-12,134.97,135.04,134.42,134.57,834338.0
2024-03-13,137.98,139.44,137.69,138.13,1830631.0
2024-03-14,137.49,138.28,136.37,137.6,1032468.0
2024-03-15,132.99,133.47,132.33,132.43,2209838.0
2024-03-18,135.19,135.75,134.05,134.99,943011.0
2024-03-19,135.02,136.0,134.3,134.35,710545.0
2024-03-20,131.01,132.85,129.78,130.51,807843.0
2024-03-21,129.53,130.39,129.07,129.88,828745.0
2024-03-22,131.35,132.53,130.33,130.96,790068.0
2024-03-25,132.42,132.99,131.14,131.81,903197.0
2024-03-26,136.24,136.68,135.32,135.62,1845657.0
2024-03-27,134.22,134.38,132.87,133.82,2952085.0
2024-03-28,134.33,135.95,133.29,133.94,618409.0
2024-03-29,132.36,132.9,131.12,132.48,2261992.0
2024-04-01,129.0,130.13,128.28,129.32,947089.0
2024-04-02,131.01,132.04,130.28,131.15,1431082.0
2024-04-03,131.47,132.3,131.09,132.13,525932.0
2024-04-04,133.27,134.07,132.73,132.73,1562844.0
2024-04-05,133.53,134.99,133.29,133.64,441240.0
2024-04-08,132.74,132.91,130.56,132.22,1406996.0
2024-04-09,129.68,130.92,128.54,130.16,1367682.0
2024-04-10,130.68,130.91,130.19,130.25,1323121.0
2024-04-11,132.47,133.58,131.9,132.67,832797.0
2024-04-12,135.57,137.16,134.76,136.09,1582891.0
2024-04-15,138.49,139.25,136.49,137.82,1462329.0
2024-04-16,138.36,138.65,137.43,137.9,1082760.0
2024-04-17,138.59,139.02,137.36,138.5,1682725.0
2024-04-18,138.56,139.06,138.25,138.54,1146470.0
2024-04-19,136.52,137.74,135.47,136.34,1566554.0
2024-04-22,136.49,136.49,134.85,136.41,1129246.0
2024-04-23,133.27,134.41,132.2,133.59,1340229.0
2024-04-24,133.18,133.66,133.08,133.34,1602958.0
2024-04-25,137.64,138.04,135.42,136.84,985637.0
2024-04-26,139.75,140.73,137.31,138.64,648931.0
2024-04-29,137.29,138.09,136.32,136.65,1380615.0
2024-04-30,136.71,138.63,136.4,136.51,2179695.0
2024-05-01,134.61,135.42,133.42,134.74,1396634.0
2024-05-02,134.3,134.76,134.19,134.63,1409959.0
2024-05-03,136.57,137.13,136.39,136.87,1177509.0
2024-05-06,138.07,138.47,137.96,138.3,1740285.0
2024-05-07,144.76,145.42,143.35,143.83,1095841.0
2024-05-08,147.37,147.59,146.14,146.58,958429.0
2024-05-09,147.39,148.4,146.88,147.07,2089947.0
2024-05-10,148.23,150.34,147.51,148.66,922397.0
2024-05-13,148.6,148.8,147.96,148.2,1876156.0
2024-05-14,145.51,145.63,145.41,145.61,2090613.0
2024-05-15,147.69,149.16,146.45,148.65,1596634.0
2024-05-16,151.18,152.34,149.69,151.05,643954.0
2024-05-17,150.12,150.76,149.52,150.5,1219044.0
2024-05-20,150.8,152.06,149.9,151.16,1087074.0
2024-05-21,154.05,154.29,153.89,154.16,938465.0
2024-05-22,156.02,157.91,154.81,156.25,1291579.0
2024-05-23,152.69,153.31,151.55,152.71,1766663.0
2024-05-24,153.28,154.57,153.04,153.31,956201.0
2024-05-27,152.07,154.1,150.85,152.93,1103843.0
2024-05-28,156.36,156.5,155.48,155.65,1066050.0
2024-05-29,157.75,159.52,157.08,158.22,2152059.0
2024-05-30,161.09,163.49,159.39,161.55,1057533.0
2024-05-31,158.6,159.26,158.12,158.75,648746.0
2024-06-03,156.77,157.12,155.57,156.82,547590.0
2024-06-04,160.31,160.75,159.26,159.62,1441745.0
2024-06-05,158.28,158.53,157.71,158.15,822134.0
2024-06-06,154.69,154.75,153.87,154.43,1680097.0
2024-06-07,155.87,156.49,154.94,155.75,618090.0
2024-06-10,154.53,155.01,153.63,154.43,918543.0
2024-06-11,159.01,160.47,158.02,158.86,618292.0
2024-06-12,158.69,160.1,157.45,159.62,1494505.0
2024-06-13,159.92,161.02,158.95,160.04,1663482.0
2024-06-14,159.69,160.77,158.8,159.13,1424473.0
2024-06-17,165.12,165.98,161.11,163.19,698738.0
2024-06-18,163.54,164.33,162.97,164.13,828290.0
2024-06-19,163.3,165.4,162.97,163.1,1352083.0
2024-06-20,160.81,161.51,159.87,161.09,517171.0
2024-06-21,161.91,162.53,160.38,160.92,1066009.0
2024-06-24,157.84,160.19,156.48,158.48,2567524.0
2024-06-25,161.39,162.34,159.99,161.09,1099122.0
2024-06-26,155.92,156.66,155.48,156.58,571333.0
2024-06-27,156.11,156.39,155.9,156.26,887617.0
2024-06-28,157.77,158.27,157.43,157.78,877343.0
2024-07-01,159.16,159.3,158.04,158.65,3506589.0
2024-07-02,156.38,158.08,154.85,156.89,2765797.0
2024-07-03,158.86,159.17,158.27,158.55,1733179.0
2024-07-04,156.38,157.3,156.14,156.37,1013036.0
2024-07-05,156.46,157.46,155.75,156.33,2191978.0
2024-07-08,158.42,159.11,157.09,157.96,682331.0
2024-07-09,158.52,159.16,158.4,159.14,2060147.0
2024-07-10,157.85,158.45,157.18,157.47,1912624.0
2024-07-11,160.21,161.08,158.08,160.49,1114958.0
2024-07-12,161.25,163.21,159.97,160.72,2125661.0
2024-07-15,162.8,163.91,161.52,162.63,961634.0
2024-07-16,166.51,167.64,165.83,166.62,638871.0
2024-07-17,169.3,170.43,169.05,169.6,1961034.0
2024-07-18,173.06,173.5,172.34,172.63,1152424.0
2024-07-19,173.83,174.87,173.17,173.18,1624792.0
2024-07-22,175.1,176.64,174.18,175.38,2988982.0
2024-07-23,175.39,176.3,173.75,175.99,838083.0
2024-07-24,173.05,173.31,171.34,172.69,1119408.0
2024-07-25,172.78,174.27,171.1,173.53,2636116.0
2024-07-26,173.57,174.35,172.86,174.25,1680103.0
2024-07-29,175.32,176.1,175.29,175.88,847553.0
2024-07-30,175.33,176.4,173.63,175.55,746008.0
2024-07-31,172.78,174.31,172.08,173.48,923531.0
2024-08-01,174.28,177.72,173.37,175.3,831339.0
2024-08-02,171.15,171.89,170.53,171.73,1354136.0
2024-08-05,176.08,177.54,175.19,175.74,1250704.0
2024-08-06,174.45,175.58,173.66,175.12,1382797.0
2024-08-07,175.64,177.02,175.48,175.82,789846.0
2024-08-08,178.43,178.76,175.69,177.39,1160757.0
2024-08-09,179.05,179.26,178.53,179.07,430262.0
2024-08-12,175.34,176.54,173.57,175.16,1293036.0
2024-08-13,176.97,178.64,175.98,177.47,2164544.0
2024-08-14,179.5,180.28,177.04,178.34,589852.0
2024-08-15,176.3,177.52,175.05,176.59,1531432.0
2024-08-16,174.41,174.56,174.02,174.53,886018.0
2024-08-19,174.32,175.61,173.35,173.64,1796320.0
2024-08-20,170.05,170.19,169.51,170.14,1301885.0
2024-08-21,174.86,176.18,174.03,174.84,1472323.0
2024-08-22,178.85,180.87,178.46,179.0,1242222.0
2024-08-23,180.15,180.64,178.51,180.3,2336503.0
2024-08-26,179.89,181.68,179.41,179.69,1430744.0
2024-08-27,179.45,180.35,179.1,179.15,845166.0
2024-08-28,180.97,181.62,179.96,181.32,1263451.0
2024-08-29,186.0,187.49,184.25,186.43,1000049.0
2024-08-30,184.45,185.1,183.78,184.79,1304330.0
2024-09-02,180.82,182.55,180.07,181.58,974924.0
2024-09-03,185.2,186.15,184.66,186.08,857344.0
2024-09-04,181.1,182.52,180.94,180.94,1328600.0
2024-09-05,178.61,178.77,177.44,178.11,1236623.0
2024-09-06,177.9,179.01,177.28,177.44,2047188.0
2024-09-09,171.91,174.8,170.26,173.15,977274.0
2024-09-10,176.1,177.05,175.89,176.23,446669.0
2024-09-11,178.06,179.09,177.52,178.65,1002557.0
2024-09-12,177.13,178.0,176.38,177.06,533271.0
2024-09-13,180.45,181.9,179.09,180.68,1480419.0
2024-09-16,185.2,186.93,183.85,184.87,520763.0
2024-09-17,184.56,186.05,183.11,184.57,733670.0
2024-09-18,182.24,185.85,181.54,183.28,1003328.0
2024-09-19,189.39,191.91,188.65,189.94,2602480.0
2024-09-20,192.14,192.3,191.58,192.13,703311.0
2024-09-23,192.99,194.89,191.88,192.93,1210087.0
2024-09-24,196.31,197.21,196.13,197.14,1607175.0
2024-09-25,197.19,198.57,195.77,198.11,2525704.0
2024-09-26,196.59,198.09,195.5,196.56,1774266.0
2024-09-27,196.0,197.17,195.14,196.83,2078077.0
2024-09-30,199.09,201.09,196.83,200.1,1852698.0
2024-10-01,193.68,194.77,192.37,193.94,656999.0
2024-10-02,192.8,193.32,192.67,193.08,1439557.0
2024-10-03,196.84,198.04,195.5,197.36,1838261.0
2024-10-04,195.38,198.24,193.67,195.79,745455.0
2024-10-07,200.65,201.3,199.8,200.64,899973.0
2024-10-08,204.74,205.73,204.44,205.19,804844.0
2024-10-09,205.04,205.22,203.98,205.0,1769684.0
2024-10-10,202.96,203.63,200.51,203.19,1161659.0
2024-10-11,202.4,202.92,200.64,202.3,1024358.0
2024-10-14,211.55,212.67,210.43,210.99,633595.0
2024-10-15,217.89,218.24,216.17,217.34,1162755.0
2024-10-16,218.64,218.93,217.34,217.8,905467.0
2024-10-17,216.29,216.36,215.56,215.74,1358199.0
2024-10-18,216.32,216.5,213.56,216.17,679095.0
2024-10-21,216.74,218.21,215.09,217.02,1314482.0
2024-10-22,212.59,212.92,212.31,212.84,965619.0
2024-10-23,212.57,213.44,212.42,213.13,643934.0
2024-10-24,217.64,218.17,216.16,217.64,619308.0
2024-10-25,212.03,212.26,210.0,211.59,667630.0
2024-10-28,213.92,214.68,212.43,214.38,1084685.0
2024-10-29,219.07,219.17,218.75,219.1,1277605.0
2024-10-30,216.76,217.92,215.45,217.2,1376303.0
2024-10-31,223.24,223.66,221.77,223.1,1402513.0
2024-11-01,220.35,221.0,218.54,220.71,823022.0
2024-11-04,221.78,222.51,219.19,222.27,2041512.0
2024-11-05,220.78,222.56,220.74,221.23,964039.0
2024-11-06,220.52,221.46,218.78,220.19,1506161.0
2024-11-07,218.02,218.86,216.41,218.08,1107840.0
2024-11-08,220.23,220.56,218.55,220.52,1451068.0
2024-11-11,223.69,226.4,223.32,223.51,1080394.0
2024-11-12,223.03,223.6,223.02,223.31,1464197.0
2024-11-13,219.34,220.26,216.98,218.6,1198170.0
2024-11-14,219.38,220.04,218.91,220.02,1806533.0
2024-11-15,221.39,223.36,219.57,221.51,798634.0
2024-11-18,219.85,221.47,219.08,220.78,496359.0
2024-11-19,227.16,228.6,227.09,227.4,739198.0
2024-11-20,220.77,222.47,220.27,221.89,2052274.0
2024-11-21,214.78,217.64,212.64,214.3,1113168.0
2024-11-22,212.36,212.4,211.49,211.87,1259255.0
2024-11-25,214.78,216.19,213.75,214.28,710115.0
2024-11-26,210.79,210.96,210.37,210.77,1242675.0
2024-11-27,207.02,209.5,206.81,207.56,721144.0
2024-11-28,210.21,211.69,209.21,210.72,776156.0
2024-11-29,213.26,215.23,211.67,212.28,983387.0
2024-12-02,214.49,215.22,211.19,213.57,1502361.0
2024-12-03,216.32,216.51,214.96,216.24,1584729.0
2024-12-04,214.49,216.17,213.29,214.82,1606426.0
2024-12-05,214.45,215.33,212.15,213.57,543594.0
2024-12-06,215.88,217.54,215.83,216.34,1198604.0
2024-12-09,211.97,213.63,211.44,211.83,1089914.0
2024-12-10,205.65,207.34,204.17,204.82,559002.0
2024-12-11,202.94,206.0,202.28,203.45,1212254.0
2024-12-12,206.99,208.69,205.99,206.48,1061068.0
2024-12-13,207.66,209.21,205.57,207.34,1553099.0
2024-12-16,210.15,210.81,210.15,210.18,1252464.0
2024-12-17,203.02,204.99,201.85,203.63,913775.0
2024-12-18,204.22,206.61,203.05,204.67,1910511.0
2024-12-19,206.99,207.67,206.5,206.81,396085.0
2024-12-20,201.62,203.24,201.33,202.48,1164576.0
2024-12-23,205.35,205.36,204.68,205.27,498010.0
2024-12-24,205.27,206.55,204.78,204.94,762154.0
2024-12-25,215.75,217.24,214.03,215.12,1563452.0
2024-12-26,207.02,209.99,206.49,207.89,635967.0
2024-12-27,213.28,213.57,211.51,212.44,590155.0
2024-12-30,212.23,212.37,209.7,211.15,3956904.0
2024-12-31,206.12,207.99,205.29,205.87,609476.0
2025-01-01,203.55,204.7,202.82,204.19,2744914.0
2025-01-02,204.91,205.74,203.83,205.11,1103391.0
2025-01-03,208.48,208.95,208.24,208.51,925034.0
2025-01-06,214.44,215.09,213.74,214.27,1596610.0
2025-01-07,219.16,219.52,217.4,219.14,2346175.0
2025-01-08,216.04,216.62,215.18,215.86,678043.0
2025-01-09,219.7,220.13,217.96,219.76,931802.0
2025-01-10,221.32,221.88,217.74,221.15,1836615.0
2025-01-13,218.6,221.49,218.09,218.9,1388865.0
2025-01-14,217.98,218.3,217.91,218.2,2086417.0
2025-01-15,215.42,216.25,214.24,215.8,1555886.0
2025-01-16,217.19,217.93,213.51,215.95,2970117.0
2025-01-17,214.44,215.06,213.28,213.51,1314930.0
2025-01-20,210.45,211.02,207.14,210.1,1343657.0
2025-01-21,212.56,213.17,210.1,211.72,1412484.0
2025-01-22,214.36,214.37,212.41,213.85,1119906.0
2025-01-23,213.36,213.52,212.93,213.24,1837734.0
2025-01-24,216.92,220.65,216.46,217.91,1353928.0
2025-01-27,216.87,217.89,213.72,217.04,1783503.0
2025-01-28,215.82,216.41,214.83,216.03,1928494.0
2025-01-29,217.58,220.85,216.82,218.32,1489912.0
2025-01-30,216.92,219.45,216.0,217.89,1545500.0
2025-01-31,218.53,219.66,217.78,218.2,725659.0
2025-02-03,209.94,210.2,209.29,209.74,913303.0
2025-02-04,209.08,210.34,208.18,209.82,1833417.0
2025-02-05,203.43,206.27,203.41,203.89,2450532.0
2025-02-06,200.72,201.72,199.36,200.03,455789.0
2025-02-07,195.37,196.58,195.25,195.89,905342.0
2025-02-10,192.82,193.91,191.0,192.72,1216892.0
2025-02-11,190.97,192.65,190.73,191.08,774802.0
2025-02-12,189.93,190.45,188.4,189.64,797104.0
2025-02-13,191.17,192.7,190.43,191.66,1524931.0
2025-02-14,192.41,193.11,192.19,192.36,2651638.0
2025-02-17,186.8,188.6,184.91,186.7,435430.0
2025-02-18,187.1,187.57,186.05,186.97,1104344.0
2025-02-19,187.98,189.4,187.29,187.93,1516082.0
2025-02-20,187.18,189.06,185.4,186.98,1776413.0
2025-02-21,188.05,189.09,184.83,186.82,1410654.0
2025-02-24,188.85,189.91,186.05,187.41,2901392.0
2025-02-25,189.33,191.43,188.77,189.7,1220112.0
2025-02-26,183.78,185.54,182.92,185.07,2317493.0
2025-02-27,184.71,184.79,184.16,184.38,870494.0
2025-02-28,188.94,190.35,187.2,188.84,1237980.0
2025-03-03,193.73,195.1,190.8,193.12,655821.0
2025-03-04,195.91,196.58,195.21,195.75,1886874.0
2025-03-05,197.47,197.82,197.27,197.43,1132319.0
2025-03-06,203.35,203.97,202.55,202.67,1438211.0
2025-03-07,209.7,209.78,208.13,208.9,1028195.0
2025-03-10,207.64,208.58,206.05,208.5,1612368.0
2025-03-11,204.87,207.15,203.03,205.37,1466981.0
2025-03-12,204.45,206.44,203.06,204.52,731370.0
2025-03-13,214.83,215.01,214.14,214.77,752846.0
2025-03-14,209.4,209.85,207.94,209.55,1186022.0
2025-03-17,208.29,208.4,206.52,208.02,1672428.0
2025-03-18,204.08,206.05,203.32,203.47,3052428.0
2025-03-19,204.95,205.36,202.6,203.89,1399318.0
2025-03-20,200.44,202.36,199.93,200.09,1990240.0
2025-03-21,199.26,200.67,198.42,199.77,536904.0
2025-03-24,193.66,196.21,192.66,193.75,3290263.0
2025-03-25,195.62,197.04,193.15,195.67,1627968.0
2025-03-26,199.8,200.28,199.33,199.49,1173144.0
2025-03-27,198.54,199.21,196.83,198.31,1107540.0
2025-03-28,199.13,200.23,197.71,197.91,691349.0
2025-03-31,197.15,197.74,196.55,197.43,797595.0
2025-04-01,198.24,199.96,197.77,198.01,3125853.0
2025-04-02,199.31,200.05,197.74,197.92,733438.0
2025-04-03,200.0,201.62,199.76,200.35,726407.0
2025-04-04,204.39,206.08,203.41,204.3,846521.0
2025-04-07,201.15,203.17,199.65,201.72,660604.0
2025-04-08,200.81,203.1,198.54,200.76,1211843.0
2025-04-09,203.18,203.67,202.9,203.66,2072892.0
2025-04-10,199.8,200.44,198.17,199.17,886250.0
2025-04-11,193.19,194.77,192.55,193.11,605214.0
2025-04-14,193.27,195.27,192.14,193.82,1391553.0
2025-04-15,195.85,196.94,194.41,195.36,1169530.0
2025-04-16,193.28,193.94,192.01,193.17,1985462.0
2025-04-17,191.99,192.32,190.76,191.44,958137.0
2025-04-18,188.54,189.54,187.7,189.19,1055919.0
2025-04-21,186.85,187.63,186.36,186.64,1115970.0
2025-04-22,189.15,189.73,188.41,188.71,1257331.0
2025-04-23,185.02,185.45,182.39,185.26,988278.0
2025-04-24,183.81,184.8,183.46,184.51,911346.0
2025-04-25,181.89,183.32,181.01,181.92,476780.0
2025-04-28,178.47,179.28,176.26,177.81,906464.0
2025-04-29,180.9,182.53,179.99,180.29,1719616.0
2025-04-30,178.61,179.07,178.48,178.84,1839718.0
2025-05-01,178.7,180.39,176.33,179.39,950215.0
2025-05-02,174.97,175.8,174.22,175.2,2303046.0
2025-05-05,172.94,174.14,172.63,173.18,1185468.0
2025-05-06,175.51,175.62,174.72,175.28,616046.0
2025-05-07,182.53,182.88,181.47,182.59,526395.0
2025-05-08,176.61,177.09,174.96,177.01,2211384.0
2025-05-09,177.06,177.28,175.76,176.47,997990.0
2025-05-12,177.72,178.4,176.67,177.64,655378.0
2025-05-13,176.18,177.47,174.94,175.95,388622.0
2025-05-14,177.42,180.53,175.75,178.34,986720.0
2025-05-15,174.66,177.28,174.33,175.94,1472358.0
2025-05-16,175.63,176.91,174.92,176.39,848440.0
2025-05-19,174.71,175.35,173.24,174.96,710254.0
2025-05-20,178.69,180.04,177.93,178.38,913750.0
2025-05-21,175.27,177.84,174.32,176.51,2239126.0
2025-05-22,176.39,178.23,174.58,175.55,599295.0
2025-05-23,178.3,178.71,177.66,178.21,872528.0
2025-05-26,176.08,176.39,174.15,175.36,2203106.0
2025-05-27,175.11,177.4,174.35,175.57,1539685.0
2025-05-28,170.88,171.25,170.24,170.63,1315285.0
2025-05-29,167.79,168.19,167.67,167.75,869590.0
2025-05-30,169.19,170.01,167.76,168.78,1221087.0
2025-06-02,166.07,166.52,165.38,166.19,919040.0
2025-06-03,165.02,167.44,164.73,164.78,782545.0
2025-06-04,166.64,167.23,165.83,166.09,700795.0
2025-06-05,164.28,165.29,162.53,164.6,1779865.0
2025-06-06,166.89,167.44,165.47,166.76,1166825.0
2025-06-09,166.4,167.51,165.96,167.35,1407403.0
2025-06-10,168.88,169.53,166.95,168.52,1297353.0
2025-06-11,172.88,175.52,171.67,171.87,1499226.0
2025-06-12,172.11,173.63,170.02,172.76,1058793.0
2025-06-13,176.97,177.6,176.32,177.01,945218.0
2025-06-16,180.07,180.4,178.05,179.59,799994.0
2025-06-17,178.16,179.06,177.48,178.14,593039.0
2025-06-18,181.91,183.88,181.64,181.82,686240.0
2025-06-19,182.39,183.4,181.43,182.6,1001782.0
2025-06-20,181.26,182.19,180.85,181.49,539544.0
2025-06-23,182.26,183.12,180.77,182.31,602508.0
2025-06-24,185.58,186.68,185.55,185.55,2024979.0
2025-06-25,186.25,188.21,185.98,186.91,1345249.0
2025-06-26,192.33,193.57,191.18,192.37,959418.0
2025-06-27,196.64,199.04,193.44,195.72,3744457.0
2025-06-30,197.11,198.86,197.03,197.36,527485.0
2025-07-01,193.49,195.14,192.55,194.22,1958728.0
2025-07-02,193.6,193.85,191.71,193.69,1137413.0
2025-07-03,193.51,194.35,193.44,193.93,1780711.0
2025-07-04,195.3,198.48,195.0,196.09,1269936.0
2025-07-07,198.17,199.49,197.16,198.09,471596.0
2025-07-08,198.22,198.87,198.05,198.64,1261397.0
2025-07-09,198.67,200.09,197.25,199.04,1422289.0
2025-07-10,201.43,202.92,199.32,201.34,401920.0
2025-07-11,197.74,198.95,197.23,198.66,3178831.0
2025-07-14,202.99,205.2,202.68,204.06,1405079.0
2025-07-15,198.0,200.01,197.41,197.6,1682841.0
2025-07-16,201.04,203.16,200.47,202.21,671477.0
2025-07-17,201.5,203.19,199.77,202.09,1698590.0
2025-07-18,204.22,205.89,204.03,205.33,2073508.0
2025-07-21,206.23,206.76,205.67,206.53,1365163.0
2025-07-22,207.95,209.53,207.05,207.68,1196982.0
2025-07-23,209.6,211.06,208.6,209.53,769277.0
2025-07-24,213.76,215.01,211.47,212.24,1079379.0
2025-07-25,211.86,212.15,209.06,211.17,930973.0
2025-07-28,214.06,216.05,212.48,214.66,1600774.0
2025-07-29,210.29,212.39,206.13,211.05,786275.0
2025-07-30,212.77,214.87,209.59,211.06,1594906.0
2025-07-31,214.56,215.45,213.78,213.88,790568.0
2025-08-01,217.66,218.61,216.36,217.28,1054760.0
2025-08-04,218.94,222.26,217.57,218.89,1636421.0
2025-08-05,217.74,218.48,216.32,217.56,845854.0
2025-08-06,219.7,221.01,218.8,220.68,1664888.0
2025-08-07,218.49,218.64,216.91,218.39,1585637.0
2025-08-08,224.57,226.39,222.7,224.52,1050235.0
2025-08-11,223.64,224.37,222.25,224.25,2149813.0
2025-08-12,218.55,219.47,218.13,218.9,1250298.0
2025-08-13,215.82,216.57,214.78,214.85,2086791.0
2025-08-14,214.94,216.39,214.22,215.02,2948280.0
2025-08-15,216.86,217.24,215.43,215.52,1065921.0
2025-08-18,221.17,223.25,219.44,222.33,1660248.0
2025-08-19,218.41,218.94,217.76,218.75,874333.0
2025-08-20,217.9,219.02,216.58,218.91,717546.0
2025-08-21,214.53,215.46,213.7,215.32,1090634.0
2025-08-22,213.15,214.64,211.65,213.68,608468.0
2025-08-25,219.65,220.4,218.54,219.44,752530.0
2025-08-26,215.75,217.53,215.11,215.58,1616407.0
2025-08-27,217.16,220.22,216.28,217.6,930219.0
2025-08-28,217.52,221.07,217.29,218.98,1715572.0
2025-08-29,219.89,221.64,218.89,218.92,1396816.0
2025-09-01,220.55,222.62,218.06,220.74,3034560.0
2025-09-02,216.05,218.32,213.67,216.77,1563080.0
2025-09-03,222.71,222.89,221.14,222.53,2099288.0
2025-09-04,229.54,233.41,227.91,229.4,1470249.0
2025-09-05,229.38,230.41,226.94,229.6,1405209.0
2025-09-08,238.66,240.68,237.53,238.56,2152987.0
2025-09-09,236.27,238.49,235.29,237.09,1680159.0
2025-09-10,239.16,239.89,237.77,238.62,1335788.0
2025-09-11,243.36,244.72,242.87,244.09,1332846.0
2025-09-12,241.91,243.18,239.41,242.36,1573975.0
2025-09-15,237.63,238.96,236.03,237.17,859678.0
2025-09-16,232.08,232.83,230.61,231.25,841634.0
2025-09-17,240.04,240.38,237.98,238.9,2452707.0
2025-09-18,237.7,238.51,234.57,236.95,3054745.0
2025-09-19,236.05,238.17,235.41,236.28,755820.0
2025-09-22,231.13,232.51,229.63,232.21,860701.0
2025-09-23,236.72,237.14,235.1,235.73,2129210.0
2025-09-24,233.83,235.6,229.91,232.87,1570273.0
2025-09-25,230.64,232.0,228.87,231.1,1686581.0
2025-09-26,232.86,233.54,231.2,232.22,1882857.0
2025-09-29,228.16,229.34,226.97,228.39,1066224.0
2025-09-30,228.8,229.85,225.39,227.77,1418322.0
2025-10-01,232.52,235.66,230.41,232.88,1364224.0
2025-10-02,235.88,236.54,233.4,234.49,782895.0
2025-10-03,235.55,236.49,234.28,235.0,1407809.0
2025-10-06,237.09,238.36,234.83,235.82,2232997.0
2025-10-07,234.08,236.17,232.75,234.41,1017575.0
2025-10-08,242.21,242.61,241.66,241.92,1297934.0
2025-10-09,238.18,241.13,237.49,238.87,1333549.0
2025-10-10,240.3,241.03,239.59,239.69,1043058.0
2025-10-13,240.8,242.38,240.02,240.16,1686980.0
2025-10-14,245.78,246.75,242.64,244.03,855950.0
2025-10-15,248.69,248.95,245.63,248.33,2341548.0
2025-10-16,248.78,251.94,246.06,248.24,1644756.0
2025-10-17,249.05,250.4,248.44,249.41,752846.0
2025-10-20,251.13,254.34,250.16,250.73,2810871.0
2025-10-21,241.67,245.72,239.99,241.94,1308054.0
2025-10-22,236.07,237.82,234.02,235.99,837793.0
2025-10-23,233.9,237.9,233.59,233.78,2089170.0
2025-10-24,231.5,231.85,230.76,231.75,1540066.0
2025-10-27,227.48,228.83,225.03,227.44,495846.0
2025-10-28,229.9,230.31,229.81,230.16,924649.0
2025-10-29,229.94,232.12,228.46,230.2,1382700.0
2025-10-30,230.19,231.33,228.92,229.45,408488.0
2025-10-31,225.1,227.4,223.22,224.98,1254861.0
2025-11-03,225.08,226.65,224.34,224.85,1301450.0
2025-11-04,214.82,216.28,213.44,215.76,665473.0
2025-11-05,215.5,215.59,215.07,215.23,1376869.0
2025-11-06,215.81,216.94,213.37,215.47,1207101.0
2025-11-07,216.06,216.62,214.73,216.32,662882.0
2025-11-10,212.4,212.48,208.83,211.08,1904596.0
2025-11-11,210.4,211.96,208.44,211.85,1828354.0
2025-11-12,208.92,210.6,208.2,208.43,1040416.0
2025-11-13,206.24,206.65,205.49,205.8,1088934.0
2025-11-14,208.5,209.67,207.64,208.17,1729135.0
2025-11-17,215.01,216.13,214.81,214.9,1087801.0
2025-11-18,215.45,216.3,212.83,215.1,457964.0
2025-11-19,212.92,214.72,212.29,212.37,1534121.0
2025-11-20,212.56,213.28,211.24,213.03,800803.0
2025-11-21,216.42,218.14,215.2,216.23,989622.0
2025-11-24,218.26,218.76,216.56,218.38,2492845.0
2025-11-25,227.29,228.14,227.06,228.04,1124682.0
2025-11-26,226.0,226.05,222.64,225.51,1203648.0
2025-11-27,226.05,227.84,225.37,226.44,1551657.0
2025-11-28,231.01,233.25,230.08,232.05,1548298.0
2025-12-01,237.19,237.85,236.95,237.58,759489.0
2025-12-02,229.87,230.79,229.22,230.42,1166888.0
2025-12-03,231.14,232.46,229.33,230.43,1224541.0
2025-12-04,236.02,236.15,235.23,235.91,1377820.0
2025-12-05,247.95,249.96,244.8,246.93,1389717.0
2025-12-08,249.21,252.11,249.0,249.71,4385090.0
2025-12-09,248.94,250.13,246.31,248.29,668018.0
2025-12-10,246.49,248.3,242.19,244.4,1963120.0
2025-12-11,253.39,254.9,249.77,253.12,2173149.0
2025-12-12,256.74,258.51,255.73,256.08,1538613.0
2025-12-15,253.23,254.02,252.05,252.71,868777.0
2025-12-16,250.85,253.96,249.69,251.93,2764400.0
2025-12-17,253.64,254.08,252.7,253.19,401920.0
2025-12-18,255.63,256.82,253.16,255.4,854581.0
2025-12-19,251.64,253.97,250.65,251.83,2160480.0
2025-12-22,248.78,249.82,248.09,249.44,999434.0
2025-12-23,243.56,244.51,241.01,243.06,2671718.0
2025-12-24,246.38,247.57,243.39,247.1,564727.0
2025-12-25,247.37,248.97,245.4,245.8,689657.0
2025-12-26,247.72,247.98,247.03,247.64,921890.0
2025-12-29,252.35,253.29,251.9,253.28,1481699.0
2025-12-30,253.79,254.23,253.02,254.19,1076246.0
2025-12-31,253.55,253.9,252.85,253.76,941096.0
2026-01-01,256.41,257.69,250.83,254.57,2446572.0
2026-01-02,254.17,255.96,254.02,254.85,2563086.0
2026-01-05,259.84,261.1,259.62,259.93,977555.0
2026-01-06,260.81,263.78,260.05,261.24,511507.0
2026-01-07,259.42,259.96,258.22,259.04,408913.0
2026-01-08,262.96,264.79,261.75,263.38,1355451.0
2026-01-09,267.64,269.84,267.63,268.56,1669405.0
2026-01-12,262.83,263.4,260.29,262.99,1241088.0
2026-01-13,269.2,270.76,268.97,269.44,1160714.0
2026-01-14,270.55,272.24,267.52,271.03,804301.0
2026-01-15,271.83,273.31,270.0,272.27,1668591.0
2026-01-16,277.64,278.0,275.52,276.65,2783147.0
2026-01-19,273.96,277.09,272.44,274.22,396948.0
2026-01-20,277.46,278.45,276.36,278.41,1156894.0
2026-01-21,276.41,277.22,276.22,276.79,740311.0
2026-01-22,270.51,271.16,268.83,270.47,570784.0
2026-01-23,265.21,268.78,262.0,266.28,683521.0
2026-01-26,270.01,271.08,268.19,268.7,1454011.0
2026-01-27,265.45,265.62,263.5,264.76,1472513.0
2026-01-28,272.76,273.59,269.81,271.59,2495860.0
2026-01-29,277.08,280.14,276.73,276.76,1207896.0
2026-01-30,280.89,283.32,279.71,282.66,499263.0
2026-02-02,284.56,288.55,280.2,283.25,1067591.0
2026-02-03,283.7,285.26,282.72,284.44,601277.0
2026-02-04,278.52,279.45,272.41,279.17,657764.0
2026-02-05,283.75,284.99,282.79,283.61,1607643.0
2026-02-06,286.53,287.21,282.98,285.35,1325222.0
2026-02-09,288.85,290.22,286.56,287.94,1613285.0
2026-02-10,296.54,298.22,295.48,295.74,1005760.0
2026-02-11,292.69,293.49,292.06,292.96,1785600.0
2026-02-12,292.12,295.0,291.67,292.41,978033.0
2026-02-13,294.26,295.53,292.05,293.95,2101877.0
2026-02-16,289.57,289.8,288.47,289.69,1428763.0
2026-02-17,289.64,294.2,287.87,288.87,1084361.0
2026-02-18,291.88,294.47,290.8,291.15,1337144.0
2026-02-19,290.21,290.48,287.46,289.7,1191912.0
2026-02-20,293.52,297.94,292.96,295.76,2671240.0
2026-02-23,288.95,291.31,288.34,288.84,1359624.0
2026-02-24,293.93,294.16,290.57,294.03,1201635.0
2026-02-25,297.29,297.96,295.26,297.14,1067419.0
2026-02-26,293.86,296.21,293.72,294.52,1833234.0
2026-02-27,289.15,292.42,284.06,290.3,1713342.0
