Date;PX_OPEN;PX_HIGH;PX_LOW;PX_CLOSE;VOL
2020-01-01;19.9;20.22;19.85;19.88;575279.0
2020-01-02;19.78;19.78;19.73;19.77;1107641.0
2020-01-03;19.03;19.08;18.93;18.97;783412.0
2020-01-06;19.51;19.64;19.46;19.48;1537867.0
2020-01-07;20.01;20.08;19.94;20.0;1770371.0
2020-01-08;20.54;20.61;20.31;20.44;709180.0
2020-01-09;20.1;20.11;20.05;20.08;845005.0
2020-01-10;19.75;19.91;19.66;19.67;1755600.0
2020-01-13;18.99;19.02;18.93;18.95;782757.0
2020-01-14;18.89;19.15;18.88;18.99;700060.0
2020-01-15;18.48;18.51;18.27;18.41;667073.0
2020-01-16;17.81;17.89;17.66;17.8;1434059.0
2020-01-17;17.58;17.7;17.34;17.58;1403639.0
2020-01-20;17.35;17.47;17.25;17.33;854248.0
2020-01-21;17.04;17.25;16.96;17.06;1205666.0
2020-01-22;17.29;17.35;17.19;17.28;2580687.0
2020-01-23;17.28;17.39;17.25;17.31;738938.0
2020-01-24;17.23;17.31;16.95;17.17;453218.0
2020-01-27;17.24;17.32;17.14;17.25;1509876.0
2020-01-28;16.74;16.84;16.73;16.76;1138019.0
2020-01-29;16.76;17.0;16.75;16.81;843224.0
2020-01-30;16.89;16.89;16.85;16.87;1666173.0
2020-01-31;16.17;16.21;16.13;16.16;1829609.0
2020-02-03;16.64;16.73;16.62;16.62;398659.0
2020-02-04;16.15;16.41;16.14;16.2;867787.0
2020-02-05;16.16;16.27;16.1;16.24;3831466.0
2020-02-06;16.81;16.84;16.68;16.77;1609932.0
2020-02-07;17.29;17.33;17.17;17.21;1686308.0
2020-02-10;17.17;17.29;17.03;17.22;2161790.0
2020-02-11;17.12;17.2;16.96;17.04;1212912.0
2020-02-12;17.51;17.57;17.46;17.5;1791103.0
2020-02-13;17.83;17.97;17.72;17.83;1722059.0
2020-02-14;17.49;17.59;17.49;17.51;1574614.0
2020-02-17;17.04;17.31;17.02;17.11;1023761.0
2020-02-18;16.18;16.25;16.01;16.13;1310644.0
2020-02-19;16.16;16.28;16.08;16.19;896111.0
2020-02-20;16.11;16.26;16.05;16.15;1210334.0
2020-02-21;16.72;16.91;16.66;16.67;670484.0
2020-02-24;16.74;17.02;16.59;16.84;809918.0
2020-02-25;17.4;17.61;17.35;17.48;1044286.0
2020-02-26;17.13;17.21;16.96;17.13;750239.0
2020-02-27;17.7;17.75;17.5;17.68;934243.0
2020-02-28;17.44;17.47;17.41;17.41;1107967.0
2020-03-02;17.78;17.84;17.65;17.79;1470527.0
2020-03-03;17.2;17.22;17.0;17.07;1933087.0
2020-03-04;17.16;17.18;17.16;17.17;953703.0
2020-03-05;16.22;16.3;16.2;16.23;2344429.0
2020-03-06;16.06;16.31;15.99;16.1;1922824.0
2020-03-09;16.3;16.4;16.12;16.29;1547338.0
2020-03-10;16.08;16.13;15.78;16.05;1298635.0
2020-03-11;15.63;15.65;15.55;15.57;1410649.0
2020-03-12;15.87;16.05;15.84;15.94;2177146.0
2020-03-13;15.88;15.94;15.87;15.89;2217276.0
2020-03-16;15.69;15.79;15.64;15.67;2344244.0
2020-03-17;15.71;15.72;15.6;15.68;1227713.0
2020-03-18;16.89;17.0;16.78;16.89;1587202.0
2020-03-19;17.47;17.56;17.32;17.44;2354345.0
2020-03-20;17.98;18.16;17.93;18.02;880409.0
2020-03-23;18.32;18.34;18.18;18.24;1025603.0
2020-03-24;18.37;18.46;18.03;18.31;1212286.0
2020-03-25;17.04;17.2;16.99;17.11;1885681.0
2020-03-26;16.72;16.81;16.71;16.77;1900421.0
2020-03-27;16.49;16.55;16.35;16.54;1071498.0
2020-03-30;15.71;15.78;15.64;15.68;565630.0
2020-03-31;15.11;15.2;14.97;15.16;1360132.0
2020-04-01;14.32;14.39;14.12;14.33;759824.0
2020-04-02;14.33;14.34;14.25;14.31;570936.0
2020-04-03;14.64;14.78;14.58;14.64;639259.0
2020-04-06;15.11;15.15;15.01;15.1;1415779.0
2020-04-07;15.22;15.36;15.22;15.27;2375025.0
2020-04-08;14.88;14.89;14.75;14.85;1226221.0
2020-04-09;14.03;14.11;13.92;14.06;1336668.0
2020-04-10;13.36;13.43;13.28;13.37;2172627.0
2020-04-13;12.9;12.94;12.84;12.89;555583.0
2020-04-14;12.57;12.6;12.41;12.57;1559831.0
2020-04-15;12.5;12.53;12.4;12.5;1195655.0
2020-04-16;12.12;12.18;12.11;12.14;1596028.0
2020-04-17;12.25;12.34;12.22;12.26;944356.0
2020-04-20;12.17;12.28;12.11;12.17;798932.0
2020-04-21;12.12;12.24;12.03;12.17;1290131.0
2020-04-22;12.55;12.58;12.46;12.57;2743090.0
2020-04-23;12.16;12.21;12.09;12.15;1849554.0
2020-04-24;12.24;12.54;12.18;12.29;932994.0
2020-04-27;12.32;12.36;12.21;12.28;615084.0
2020-04-28;12.2;12.21;12.01;12.16;518641.0
2020-04-29;12.41;12.5;12.4;12.46;2322256.0
2020-04-30;12.82;12.86;12.72;12.77;745984.0
2020-05-01;12.42;12.43;12.31;12.43;1021971.0
2020-05-04;12.37;12.38;12.2;12.36;2328199.0
2020-05-05;12.43;12.49;12.34;12.45;536622.0
2020-05-06;12.39;12.41;12.28;12.35;2536085.0
2020-05-07;12.57;12.67;12.48;12.55;1059365.0
2020-05-08;12.62;12.75;12.57;12.65;677191.0
2020-05-11;13.27;13.34;13.21;13.32;1062701.0
2020-05-12;12.69;12.85;12.61;12.75;837940.0
2020-05-13;12.7;12.75;12.6;12.7;1499152.0
2020-05-14;12.39;12.51;12.29;12.37;869726.0
2020-05-15;12.6;12.71;12.5;12.58;462397.0
2020-05-18;12.01;12.06;11.94;12.01;1077031.0
2020-05-19;12.08;12.23;11.97;12.12;610313.0
2020-05-20;11.88;11.91;11.78;11.9;1331957.0
2020-05-21;11.69;11.74;11.61;11.65;664264.0
2020-05-22;11.16;11.23;11.13;11.18;942220.0
2020-05-25;11.04;11.05;10.97;11.03;1317562.0
2020-05-26;11.33;11.46;11.32;11.37;1081404.0
2020-05-27;11.37;11.41;11.34;11.36;1363022.0
2020-05-28;11.54;11.62;11.53;11.56;1689839.0
2020-05-29;12.15;12.16;12.05;12.11;674032.0
2020-06-01;12.22;12.24;12.18;12.2;1164499.0
2020-06-02;11.98;12.05;11.97;12.0;227578.0
2020-06-03;12.15;12.19;12.07;12.15;1360913.0
2020-06-04;11.94;12.09;11.89;11.96;1034670.0
2020-06-05;11.74;11.88;11.68;11.79;735477.0
2020-06-08;11.26;11.37;11.18;11.29;1408252.0
2020-06-09;11.59;11.64;11.55;11.58;2161577.0
2020-06-10;11.46;11.59;11.39;11.45;947888.0
2020-06-11;11.51;11.53;11.42;11.51;749823.0
2020-06-12;11.16;11.19;11.15;11.17;1306043.0
2020-06-15;11.34;11.41;11.24;11.3;616736.0
2020-06-16;11.06;11.17;11.01;11.06;864416.0
2020-06-17;11.03;11.03;10.96;11.01;2215971.0
2020-06-18;11.22;11.35;11.09;11.28;1240580.0
2020-06-19;11.4;11.57;11.34;11.53;469896.0
2020-06-22;11.53;11.54;11.42;11.52;489678.0
2020-06-23;10.91;10.99;10.88;10.95;1304125.0
2020-06-24;11.91;11.92;11.88;11.92;1850924.0
2020-06-25;12.51;12.63;12.49;12.52;535625.0
2020-06-26;12.83;12.94;12.73;12.77;1505832.0
2020-06-29;12.51;12.53;12.4;12.5;2338854.0
2020-06-30;12.46;12.47;12.28;12.45;3090766.0
2020-07-01;12.29;12.35;12.17;12.26;1419211.0
2020-07-02;12.71;12.77;12.66;12.7;1549436.0
2020-07-03;12.77;12.84;12.77;12.79;413912.0
2020-07-06;12.54;12.56;12.46;12.5;3436198.0
2020-07-07;12.29;12.43;12.18;12.33;901896.0
2020-07-08;12.74;12.77;12.63;12.73;754088.0
2020-07-09;13.25;13.35;13.25;13.31;1058536.0
2020-07-10;13.9;14.1;13.85;13.89;2560816.0
2020-07-13;14.2;14.27;14.05;14.19;3627387.0
2020-07-14;14.15;14.21;14.01;14.08;1280427.0
2020-07-15;12.78;12.85;12.77;12.84;1980861.0
2020-07-16;12.92;13.01;12.85;12.94;1228866.0
2020-07-17;12.97;12.97;12.88;12.94;715761.0
2020-07-20;13.0;13.01;12.96;12.99;2516480.0
2020-07-21;13.01;13.02;12.95;13.0;881109.0
2020-07-22;12.48;12.57;12.45;12.52;2591547.0
2020-07-23;12.69;12.76;12.6;12.71;2301958.0
2020-07-24;12.98;13.07;12.86;12.93;1634779.0
2020-07-27;13.18;13.21;13.08;13.18;3001094.0
2020-07-28;13.55;13.6;13.38;13.53;3671728.0
2020-07-29;13.76;13.83;13.7;13.76;1101715.0
2020-07-30;13.55;13.72;13.44;13.6;802593.0
2020-07-31;13.6;13.63;13.42;13.57;473480.0
2020-08-03;13.62;13.74;13.51;13.59;3694446.0
2020-08-04;13.73;13.78;13.6;13.63;965266.0
2020-08-05;13.97;14.19;13.95;14.02;2121255.0
2020-08-06;14.3;14.34;14.26;14.27;830159.0
2020-08-07;15.07;15.15;14.98;15.13;2595093.0
2020-08-10;16.11;16.11;16.08;16.1;847411.0
2020-08-11;16.18;16.24;15.9;16.13;662742.0
2020-08-12;14.37;14.46;14.36;14.46;1083543.0
2020-08-13;14.96;15.02;14.87;14.97;921826.0
2020-08-14;14.71;14.76;14.64;14.74;1620345.0
2020-08-17;14.37;14.47;14.37;14.4;1172094.0
2020-08-18;14.25;14.26;14.18;14.23;1645988.0
2020-08-19;14.1;14.15;14.02;14.05;1039748.0
2020-08-20;14.28;14.31;14.24;14.29;862376.0
2020-08-21;13.67;13.7;13.62;13.66;898264.0
2020-08-24;13.25;13.34;13.24;13.25;3343302.0
2020-08-25;13.37;13.4;13.27;13.37;1345916.0
2020-08-26;13.56;13.88;13.39;13.61;446020.0
2020-08-27;13.9;13.94;13.78;13.85;927173.0
2020-08-28;13.55;13.56;13.39;13.54;1262284.0
2020-08-31;13.18;13.22;13.11;13.16;3025842.0
2020-09-01;12.94;12.99;12.88;12.97;2011416.0
2020-09-02;13.04;13.08;12.93;13.05;758533.0
2020-09-03;13.6;13.79;13.53;13.61;4029601.0
2020-09-04;12.78;12.84;12.74;12.84;1184013.0
2020-09-07;12.69;12.88;12.55;12.75;2242641.0
2020-09-08;12.25;12.36;12.18;12.27;675019.0
2020-09-09;11.73;11.74;11.61;11.71;362550.0
2020-09-10;12.0;12.12;11.89;12.03;594683.0
2020-09-11;12.17;12.24;12.09;12.21;236767.0
2020-09-14;12.33;12.36;12.3;12.36;3457460.0
2020-09-15;12.67;12.69;12.66;12.68;1338776.0
2020-09-16;12.49;12.56;12.46;12.51;757424.0
2020-09-17;12.43;12.47;12.33;12.35;1508026.0
2020-09-18;13.18;13.21;13.01;13.13;1322014.0
2020-09-21;13.08;13.19;13.02;13.04;1640426.0
2020-09-22;13.35;13.4;13.13;13.31;2201756.0
2020-09-23;13.26;13.33;13.19;13.3;1040321.0
2020-09-24;12.57;12.68;12.57;12.62;774583.0
2020-09-25;11.86;11.97;11.84;11.9;1819164.0
2020-09-28;11.75;11.87;11.63;11.71;1796169.0
2020-09-29;12.04;12.1;12.03;12.06;1264728.0
2020-09-30;12.28;12.39;12.25;12.32;3572503.0
2020-10-01;12.63;12.78;12.59;12.64;966164.0
2020-10-02;12.28;12.36;12.12;12.29;766869.0
2020-10-05;12.87;13.06;12.82;12.86;1482211.0
2020-10-06;12.52;12.56;12.42;12.51;858147.0
2020-10-07;12.55;12.72;12.54;12.58;1540717.0
2020-10-08;12.6;12.66;12.44;12.57;792934.0
2020-10-09;12.48;12.56;12.3;12.5;984490.0
2020-10-12;12.97;13.01;12.93;12.98;3095377.0
2020-10-13;12.74;12.79;12.64;12.72;981862.0
2020-10-14;12.21;12.27;12.17;12.24;806593.0
2020-10-15;12.22;12.28;12.2;12.24;2159397.0
2020-10-16;12.12;12.23;12.06;12.1;711036.0
2020-10-19;13.27;13.57;13.22;13.31;850456.0
2020-10-20;13.54;13.57;13.5;13.56;1604432.0
2020-10-21;13.42;13.44;13.4;13.4;1922632.0
2020-10-22;13.08;13.08;12.95;13.0;2213838.0
2020-10-23;12.34;12.36;12.29;12.32;827686.0
2020-10-26;11.98;11.98;11.83;11.96;1620110.0
2020-10-27;12.01;12.1;11.92;11.99;952596.0
2020-10-28;12.44;12.49;12.4;12.48;888395.0
2020-10-29;12.89;12.98;12.8;12.88;2194811.0
2020-10-30;12.96;12.97;12.93;12.96;913668.0
2020-11-02;12.85;12.88;12.8;12.84;1382083.0
2020-11-03;12.93;13.04;12.87;12.93;1299889.0
2020-11-04;12.75;12.84;12.73;12.74;704063.0
2020-11-05;13.35;13.37;13.32;13.37;1949428.0
2020-11-06;13.29;13.39;13.19;13.29;1591425.0
2020-11-09;13.2;13.35;13.16;13.25;445456.0
2020-11-10;12.43;12.44;12.37;12.44;1381542.0
2020-11-11;12.42;12.44;12.22;12.37;817097.0
2020-11-12;12.67;12.7;12.62;12.66;2081372.0
2020-11-13;12.27;12.31;12.26;12.28;583792.0
2020-11-16;12.08;12.12;11.98;12.01;1006271.0
2020-11-17;12.23;12.28;12.15;12.28;1441237.0
2020-11-18;11.73;11.94;11.65;11.77;1235727.0
2020-11-19;12.19;12.27;12.08;12.13;1761153.0
2020-11-20;11.94;11.99;11.83;11.94;562862.0
2020-11-23;11.79;11.89;11.75;11.8;2746828.0
2020-11-24;11.39;11.48;11.38;11.43;1563711.0
2020-11-25;11.56;11.58;11.54;11.55;2373459.0
2020-11-26;12.4;12.41;12.36;12.38;1861922.0
2020-11-27;12.61;12.75;12.5;12.65;1195643.0
2020-11-30;12.33;12.43;12.32;12.34;632794.0
2020-12-01;12.72;12.74;12.61;12.74;907295.0
2020-12-02;12.63;12.66;12.59;12.62;2662515.0
2020-12-03;13.07;13.17;12.9;13.11;2404179.0
2020-12-04;13.46;13.48;13.26;13.41;882223.0
2020-12-07;12.37;12.4;12.27;12.33;293857.0
2020-12-08;11.97;12.02;11.93;11.98;1081279.0
2020-12-09;12.29;12.33;12.22;12.3;1041475.0
2020-12-10;12.34;12.39;12.25;12.35;1061415.0
2020-12-11;11.96;12.08;11.94;11.99;1566367.0
2020-12-14;11.76;11.9;11.7;11.77;1863760.0
2020-12-15;11.14;11.16;11.13;11.15;1973166.0
2020-12-16;11.17;11.24;10.94;11.12;1502821.0
2020-12-17;11.87;11.89;11.79;11.83;488754.0
2020-12-18;12.13;12.22;11.97;12.1;1013986.0
2020-12-21;12.88;12.97;12.86;12.87;3805831.0
2020-12-22;13.15;13.27;13.02;13.19;1450050.0
2020-12-23;13.57;13.58;13.53;13.57;1445419.0
2020-12-24;14.39;14.45;14.32;14.35;1439409.0
2020-12-25;14.44;14.62;14.35;14.5;1480203.0
2020-12-28;14.44;14.45;14.34;14.42;365289.0
2020-12-29;14.94;15.08;14.84;14.84;1066868.0
2020-12-30;15.51;15.53;15.42;15.46;1180034.0
2020-12-31;15.31;15.38;15.02;15.24;2282422.0
2021-01-01;14.94;15.01;14.83;14.93;1231614.0
2021-01-04;15.02;15.05;14.94;14.98;527943.0
2021-01-05;15.3;15.45;15.18;15.33;1491130.0
2021-01-06;15.71;15.99;15.59;15.68;804590.0
2021-01-07;15.08;15.19;15.05;15.05;654487.0
2021-01-08;15.89;15.98;15.76;15.88;792478.0
2021-01-11;15.65;15.73;15.55;15.59;1577343.0
2021-01-12;15.44;15.5;15.44;15.47;2256624.0
2021-01-13;15.06;15.09;15.05;15.07;1531051.0
2021-01-14;16.26;16.3;16.21;16.26;1649548.0
2021-01-15;16.31;16.42;16.27;16.37;1523503.0
2021-01-18;15.98;16.07;15.89;15.97;1265102.0
2021-01-19;16.27;16.48;16.21;16.36;1703960.0
2021-01-20;16.76;16.8;16.7;16.71;358833.0
2021-01-21;16.62;16.68;16.61;16.62;1271292.0
2021-01-22;16.98;17.17;16.87;17.01;713214.0
2021-01-25;16.57;16.71;16.56;16.61;2151017.0
2021-01-26;16.36;16.51;16.36;16.37;1117296.0
2021-01-27;15.49;15.64;15.4;15.46;1221358.0
2021-01-28;14.91;14.93;14.85;14.88;566631.0
2021-01-29;15.63;15.72;15.6;15.66;1999515.0
2021-02-01;16.36;16.54;16.27;16.4;1645680.0
2021-02-02;16.46;16.52;16.37;16.42;1588775.0
2021-02-03;17.17;17.33;17.13;17.21;800898.0
2021-02-04;17.13;17.16;17.04;17.13;816825.0
2021-02-05;17.01;17.1;16.98;17.0;1344859.0
2021-02-08;17.04;17.06;16.93;17.02;849795.0
2021-02-09;17.0;17.13;16.82;16.95;1494716.0
2021-02-10;16.78;16.87;16.61;16.84;408213.0
2021-02-11;17.29;17.55;17.21;17.39;942440.0
2021-02-12;17.43;17.61;17.3;17.46;2953132.0
2021-02-15;17.9;18.01;17.61;17.81;1498152.0
2021-02-16;18.44;18.58;18.16;18.33;1307198.0
2021-02-17;18.63;18.64;18.4;18.53;3244959.0
2021-02-18;18.0;18.14;18.0;18.02;374005.0
2021-02-19;17.24;17.45;17.2;17.33;799982.0
2021-02-22;17.27;17.44;17.26;17.4;984032.0
2021-02-23;17.27;17.36;17.21;17.31;1847189.0
2021-02-24;17.33;17.39;17.24;17.34;1863241.0
2021-02-25;17.39;17.6;17.24;17.33;779959.0
2021-02-26;18.68;18.7;18.56;18.64;1980732.0
2021-03-01;17.95;18.07;17.76;17.94;982979.0
2021-03-02;16.9;16.97;16.84;16.95;2204078.0
2021-03-03;17.05;17.22;16.74;17.1;717608.0
2021-03-04;16.93;17.05;16.82;16.91;1130696.0
2021-03-05;17.09;17.26;16.94;17.06;941205.0
2021-03-08;17.36;17.47;17.28;17.34;2039092.0
2021-03-09;17.92;17.97;17.86;17.97;925981.0
2021-03-10;17.25;17.27;17.15;17.21;1177349.0
2021-03-11;16.96;16.98;16.82;16.94;1549442.0
2021-03-12;17.08;17.2;17.06;17.14;1579516.0
2021-03-15;17.47;17.58;17.26;17.51;1873795.0
2021-03-16;18.66;18.77;18.56;18.62;1336497.0
2021-03-17;19.11;19.16;19.09;19.13;975666.0
2021-03-18;19.18;19.23;19.06;19.09;1009687.0
2021-03-19;18.63;18.64;18.48;18.61;1218141.0
2021-03-22;18.28;18.37;18.25;18.3;1362452.0
2021-03-23;17.99;18.03;17.97;17.99;1117287.0
2021-03-24;18.33;18.38;18.27;18.32;1214207.0
2021-03-25;18.41;18.5;18.14;18.45;563190.0
2021-03-26;17.71;17.89;17.62;17.76;1678947.0
2021-03-29;17.57;17.65;17.41;17.54;1316591.0
2021-03-30;18.02;18.03;17.88;17.97;1984614.0
2021-03-31;18.18;18.23;18.14;18.14;1202701.0
2021-04-01;18.51;18.56;18.34;18.43;504237.0
2021-04-02;18.59;18.68;18.51;18.62;1005280.0
2021-04-05;19.59;19.66;19.44;19.5;1088199.0
2021-04-06;19.57;19.75;19.36;19.62;1743581.0
2021-04-07;19.34;19.47;19.22;19.4;427138.0
2021-04-08;18.79;19.0;18.63;18.89;1227622.0
2021-04-09;18.99;19.05;18.84;19.02;1554769.0
2021-04-12;17.71;17.84;17.65;17.74;863938.0
2021-04-13;17.67;17.73;17.56;17.64;1248326.0
2021-04-14;17.54;17.67;17.47;17.53;878949.0
2021-04-15;16.8;17.1;16.78;16.86;835022.0
2021-04-16;16.4;16.54;16.25;16.42;980473.0
2021-04-19;16.77;16.79;16.71;16.79;842942.0
2021-04-20;16.8;16.98;16.79;16.89;1692656.0
2021-04-21;16.89;17.1;16.81;16.93;832779.0
2021-04-22;17.04;17.33;16.9;17.08;765699.0
2021-04-23;17.19;17.25;16.8;17.11;2910875.0
2021-04-26;17.73;17.74;17.72;17.72;1944217.0
2021-04-27;17.81;18.01;17.76;17.78;474133.0
2021-04-28;16.97;17.1;16.84;17.05;820456.0
2021-04-29;17.91;18.03;17.75;17.85;1357603.0
2021-04-30;18.1;18.11;18.02;18.03;1413921.0
2021-05-03;17.62;17.78;17.6;17.72;570777.0
2021-05-04;17.06;17.21;16.91;17.1;2146357.0
2021-05-05;17.31;17.39;17.23;17.28;1816845.0
2021-05-06;17.25;17.28;17.17;17.22;1530264.0
2021-05-07;17.96;18.14;17.91;18.0;2369914.0
2021-05-10;17.8;17.9;17.67;17.82;1507774.0
2021-05-11;17.36;17.46;17.35;17.39;1504980.0
2021-05-12;17.84;18.11;17.68;17.83;2620406.0
2021-05-13;18.36;18.42;18.18;18.3;2085689.0
2021-05-14;18.33;18.48;18.18;18.38;789572.0
2021-05-17;18.78;18.82;18.62;18.73;1650514.0
2021-05-18;18.65;18.7;18.64;18.7;862738.0
2021-05-19;18.77;18.85;18.65;18.81;1547385.0
2021-05-20;19.49;19.59;19.04;19.44;1526223.0
2021-05-21;19.83;19.86;19.76;19.78;602153.0
2021-05-24;19.73;19.83;19.52;19.68;1131525.0
2021-05-25;20.36;20.47;20.28;20.44;1373165.0
2021-05-26;19.08;19.26;19.01;19.1;966904.0
2021-05-27;20.29;20.31;20.04;20.24;1407541.0
2021-05-28;19.28;19.39;19.26;19.28;1799373.0
2021-05-31;18.87;19.18;18.83;18.93;1184349.0
2021-06-01;18.93;19.13;18.73;18.9;1345532.0
2021-06-02;18.77;18.9;18.63;18.81;2401759.0
2021-06-03;19.45;19.53;19.25;19.35;1523618.0
2021-06-04;18.86;19.14;18.53;18.77;1329631.0
2021-06-07;18.94;19.14;18.8;18.9;744867.0
2021-06-08;18.66;18.83;18.51;18.59;1682032.0
2021-06-09;18.74;18.78;18.71;18.74;1418450.0
2021-06-10;18.74;19.01;18.5;18.69;2284984.0
2021-06-11;18.82;18.86;18.65;18.74;1231125.0
2021-06-14;18.45;18.56;18.31;18.44;484982.0
2021-06-15;18.15;18.19;17.93;18.17;513980.0
2021-06-16;18.22;18.31;18.21;18.31;1737296.0
2021-06-17;18.79;18.83;18.7;18.8;904288.0
2021-06-18;18.52;18.54;18.18;18.47;1496117.0
2021-06-21;18.07;18.13;18.0;18.02;1273292.0
2021-06-22;18.35;18.39;18.18;18.33;1106354.0
2021-06-23;18.27;18.31;18.1;18.3;1146036.0
2021-06-24;18.62;18.9;18.56;18.73;780200.0
2021-06-25;18.22;18.57;18.21;18.25;1193154.0
2021-06-28;17.33;17.4;17.23;17.34;897846.0
2021-06-29;17.06;17.15;17.02;17.08;998363.0
2021-06-30;16.73;16.85;16.68;16.7;1022924.0
2021-07-01;16.76;16.76;16.64;16.66;1073735.0
2021-07-02;16.36;16.38;16.17;16.35;1907086.0
2021-07-05;16.68;16.79;16.65;16.69;1127039.0
2021-07-06;16.54;16.7;16.49;16.55;2006397.0
2021-07-07;16.62;16.65;16.56;16.62;2594560.0
2021-07-08;16.64;16.71;16.58;16.68;1844045.0
2021-07-09;16.78;16.94;16.76;16.77;1571018.0
2021-07-12;16.77;16.99;16.72;16.75;1416098.0
2021-07-13;17.0;17.07;16.97;16.99;1853672.0
2021-07-14;16.63;16.77;16.49;16.6;1257556.0
2021-07-15;17.29;17.4;17.15;17.27;1967521.0
2021-07-16;17.05;17.2;17.03;17.15;1634836.0
2021-07-19;16.55;16.59;16.44;16.51;1004580.0
2021-07-20;16.56;16.68;16.54;16.6;1882150.0
2021-07-21;16.14;16.25;16.14;16.19;1258889.0
2021-07-22;16.44;16.65;16.39;16.49;1140451.0
2021-07-23;17.58;17.64;17.53;17.55;947802.0
2021-07-26;17.15;17.17;17.01;17.16;1306692.0
2021-07-27;17.23;17.39;17.22;17.32;1979255.0
2021-07-28;16.49;16.58;16.45;16.47;1875658.0
2021-07-29;16.6;16.73;16.46;16.67;1435031.0
2021-07-30;16.26;16.27;16.22;16.25;1623057.0
2021-08-02;15.97;16.14;15.94;15.96;2271267.0
2021-08-03;15.51;15.66;15.39;15.47;1115727.0
2021-08-04;15.87;15.87;15.78;15.78;688513.0
2021-08-05;16.17;16.36;16.13;16.23;2304939.0
2021-08-06;16.24;16.44;16.23;16.24;922747.0
2021-08-09;15.83;16.04;15.82;15.84;851565.0
2021-08-10;16.58;16.66;16.47;16.56;489873.0
2021-08-11;16.22;16.22;16.17;16.21;1600204.0
2021-08-12;15.22;15.27;15.22;15.24;534600.0
2021-08-13;15.41;15.53;15.3;15.43;826430.0
2021-08-16;14.9;15.04;14.88;14.95;1613826.0
2021-08-17;15.41;15.51;15.31;15.37;1725385.0
2021-08-18;15.22;15.24;15.16;15.2;868174.0
2021-08-19;15.5;15.68;15.29;15.45;1124584.0
2021-08-20;16.06;16.08;15.97;16.07;777394.0
2021-08-23;15.49;15.64;15.44;15.53;914197.0
2021-08-24;15.22;15.32;15.16;15.27;1373823.0
2021-08-25;15.25;15.35;15.1;15.23;935818.0
2021-08-26;15.86;16.17;15.75;15.91;1064369.0
2021-08-27;15.69;15.72;15.55;15.61;578184.0
2021-08-30;15.28;15.46;15.18;15.34;2119049.0
2021-08-31;15.55;15.61;15.44;15.54;1551966.0
2021-09-01;15.35;15.52;15.15;15.28;1787722.0
2021-09-02;15.37;15.51;15.33;15.34;2292636.0
2021-09-03;14.68;14.73;14.67;14.68;796031.0
2021-09-06;15.58;15.67;15.53;15.62;1005306.0
2021-09-07;14.97;15.12;14.89;15.03;466299.0
2021-09-08;14.92;14.98;14.72;14.89;5781718.0
2021-09-09;14.93;15.05;14.82;14.87;1115940.0
2021-09-10;15.67;15.73;15.62;15.69;2021527.0
2021-09-13;15.05;15.24;14.91;15.11;647529.0
2021-09-14;15.85;16.03;15.71;15.97;1979182.0
2021-09-15;16.26;16.37;16.13;16.31;3044342.0
2021-09-16;16.49;16.66;16.44;16.5;1166898.0
2021-09-17;16.12;16.27;15.95;16.04;725459.0
2021-09-20;16.33;16.38;16.23;16.29;1121976.0
2021-09-21;15.97;16.04;15.85;15.96;394991.0
2021-09-22;16.51;16.61;16.45;16.53;1180037.0
2021-09-23;16.05;16.14;16.02;16.08;1812982.0
2021-09-24;16.09;16.2;15.8;16.02;1181294.0
2021-09-27;15.77;15.78;15.73;15.76;1043332.0
2021-09-28;15.23;15.51;15.21;15.32;1565607.0
2021-09-29;15.61;15.65;15.53;15.64;1626616.0
2021-09-30;15.83;15.98;15.76;15.88;524420.0
2021-10-01;16.4;16.45;16.31;16.42;1257217.0
2021-10-04;15.63;15.69;15.48;15.61;4065277.0
2021-10-05;16.07;16.24;16.07;16.08;616918.0
2021-10-06;17.25;17.29;17.19;17.26;1152323.0
2021-10-07;17.1;17.17;16.87;17.03;3175174.0
2021-10-08;17.92;18.05;17.67;17.96;2088773.0
2021-10-11;17.92;18.11;17.68;17.82;930337.0
2021-10-12;17.1;17.16;17.09;17.13;1333167.0
2021-10-13;16.98;17.09;16.94;16.98;1201335.0
2021-10-14;17.47;17.52;17.38;17.48;827334.0
2021-10-15;17.07;17.21;16.99;17.07;1158775.0
2021-10-18;16.8;16.94;16.72;16.77;1045512.0
2021-10-19;17.07;17.14;16.81;17.05;1272348.0
2021-10-20;17.01;17.1;16.9;17.05;827205.0
2021-10-21;17.26;17.46;17.13;17.32;635197.0
2021-10-22;17.56;17.62;17.41;17.43;1178036.0
2021-10-25;17.64;17.72;17.58;17.66;2835019.0
2021-10-26;17.48;17.59;17.36;17.44;1253063.0
2021-10-27;17.47;17.81;17.41;17.55;1018868.0
2021-10-28;17.07;17.18;16.86;17.09;1753357.0
2021-10-29;17.71;17.74;17.63;17.72;1111077.0
2021-11-01;17.42;17.5;17.34;17.39;3060278.0
2021-11-02;17.81;17.96;17.79;17.95;1200254.0
2021-11-03;17.84;17.87;17.81;17.83;1707001.0
2021-11-04;17.86;18.13;17.82;17.92;824636.0
2021-11-05;17.68;17.81;17.66;17.67;1546561.0
2021-11-08;17.1;17.17;17.04;17.16;1379935.0
2021-11-09;16.28;16.32;16.09;16.32;1169103.0
2021-11-10;15.82;15.85;15.77;15.83;935766.0
2021-11-11;15.63;15.69;15.54;15.68;874130.0
2021-11-12;15.75;15.78;15.71;15.77;1384952.0
2021-11-15;16.17;16.31;16.08;16.22;1647006.0
2021-11-16;15.93;16.07;15.84;16.01;1128521.0
2021-11-17;15.66;15.7;15.54;15.61;1388360.0
2021-11-18;14.92;15.25;14.91;14.98;1180021.0
2021-11-19;15.17;15.21;15.12;15.18;1263332.0
2021-11-22;15.82;15.97;15.71;15.78;1087919.0
2021-11-23;16.32;16.41;16.17;16.35;1213460.0
2021-11-24;16.63;16.82;16.54;16.68;4634414.0
2021-11-25;16.99;17.08;16.96;16.97;1405378.0
2021-11-26;17.86;17.89;17.67;17.8;1660532.0
2021-11-29;17.9;18.03;17.81;17.96;1497057.0
2021-11-30;18.28;18.42;18.19;18.29;1054515.0
2021-12-01;18.02;18.13;18.02;18.12;2296725.0
2021-12-02;17.4;17.6;17.29;17.42;1039674.0
2021-12-03;17.08;17.13;17.05;17.08;2038097.0
2021-12-06;17.03;17.1;16.8;17.07;1017538.0
2021-12-07;17.07;17.1;17.05;17.09;744162.0
2021-12-08;17.97;18.13;17.95;18.05;1443669.0
2021-12-09;18.08;18.27;18.06;18.08;692225.0
2021-12-10;18.75;18.76;18.62;18.69;1571938.0
2021-12-13;18.39;18.46;18.37;18.45;661934.0
2021-12-14;18.25;18.36;18.24;18.28;1025300.0
2021-12-15;17.62;17.64;17.59;17.6;587796.0
2021-12-16;17.29;17.39;17.18;17.22;4936087.0
2021-12-17;17.4;17.48;17.35;17.48;525981.0
2021-12-20;17.46;17.59;17.41;17.47;1208520.0
2021-12-21;17.95;18.16;17.79;17.94;2130042.0
2021-12-22;18.02;18.1;17.96;18.02;2019162.0
2021-12-23;17.71;17.9;17.62;17.84;1840727.0
2021-12-24;18.98;19.03;18.81;18.95;1026213.0
2021-12-27;18.98;19.13;18.83;18.89;2363241.0
2021-12-28;19.52;19.6;19.41;19.52;1898730.0
2021-12-29;19.23;19.46;19.05;19.29;1337282.0
2021-12-30;19.64;19.68;19.62;19.67;1356326.0
2021-12-31;20.3;20.34;20.17;20.19;1033063.0
2022-01-03;20.36;20.46;20.1;20.3;763123.0
2022-01-04;19.02;19.03;18.88;18.98;2232373.0
2022-01-05;19.01;19.08;18.91;18.99;2317742.0
2022-01-06;19.61;19.87;19.57;19.65;772931.0
2022-01-07;19.93;19.99;19.91;19.94;1113599.0
2022-01-10;20.18;20.32;20.12;20.18;1119383.0
2022-01-11;19.25;19.27;19.1;19.22;1183128.0
2022-01-12;18.9;18.98;18.78;18.82;1241893.0
2022-01-13;19.1;19.22;19.01;19.03;1930772.0
2022-01-14;19.17;19.43;19.13;19.25;827688.0
2022-01-17;19.93;20.01;19.83;19.91;787664.0
2022-01-18;19.87;20.05;19.75;19.82;2231780.0
2022-01-19;20.08;20.26;19.9;20.05;954247.0
2022-01-20;20.01;20.24;19.88;20.05;639526.0
2022-01-21;19.66;19.66;19.37;19.49;943579.0
2022-01-24;18.2;18.42;18.2;18.27;1019654.0
2022-01-25;18.43;18.55;18.34;18.49;2616849.0
2022-01-26;18.59;18.79;18.47;18.57;1909617.0
2022-01-27;18.36;18.44;18.23;18.24;2134537.0
2022-01-28;17.37;17.6;17.22;17.42;1812082.0
2022-01-31;17.71;17.88;17.6;17.72;1930176.0
2022-02-01;17.64;17.64;17.37;17.58;852526.0
2022-02-02;17.86;17.86;17.81;17.86;1088922.0
2022-02-03;18.8;18.88;18.71;18.82;733104.0
2022-02-04;17.73;17.78;17.66;17.7;1082470.0
2022-02-07;17.36;17.37;17.29;17.35;1693067.0
2022-02-08;17.29;17.35;17.13;17.24;1286314.0
2022-02-09;18.03;18.18;17.94;17.96;2316899.0
2022-02-10;17.15;17.17;17.04;17.14;679622.0
2022-02-11;18.11;18.23;17.87;18.09;1544359.0
2022-02-14;18.17;18.26;18.04;18.16;644254.0
2022-02-15;18.13;18.22;18.08;18.1;1260587.0
2022-02-16;18.0;18.13;17.96;17.99;1741342.0
2022-02-17;17.76;17.79;17.67;17.76;1080299.0
2022-02-18;18.36;18.53;18.26;18.29;1584158.0
2022-02-21;17.82;17.89;17.67;17.74;744251.0
2022-02-22;17.83;17.98;17.8;17.91;523428.0
2022-02-23;17.71;17.8;17.6;17.71;1588840.0
2022-02-24;17.28;17.36;17.19;17.32;2876271.0
2022-02-25;18.61;18.64;18.5;18.63;730860.0
2022-02-28;18.87;18.94;18.73;18.85;2215740.0
2022-03-01;19.21;19.27;19.12;19.17;1229000.0
2022-03-02;19.78;19.96;19.78;19.79;616710.0
2022-03-03;18.89;19.08;18.82;19.0;682998.0
2022-03-04;19.9;20.11;19.78;19.96;1212133.0
2022-03-07;18.63;18.76;18.54;18.58;982415.0
2022-03-08;18.02;18.26;17.98;18.17;623774.0
2022-03-09;17.99;18.18;17.79;17.93;515545.0
2022-03-10;18.25;18.25;18.09;18.22;787517.0
2022-03-11;18.4;18.49;18.02;18.33;1324975.0
2022-03-14;18.22;18.25;18.13;18.23;1198762.0
2022-03-15;18.11;18.28;18.01;18.22;936010.0
2022-03-16;17.74;17.8;17.67;17.72;1330338.0
2022-03-17;17.04;17.08;16.84;16.97;2022841.0
2022-03-18;17.37;17.53;17.31;17.32;1464557.0
2022-03-21;17.62;17.81;17.61;17.66;1131829.0
2022-03-22;18.46;18.47;18.42;18.46;1912718.0
2022-03-23;18.01;18.05;17.67;18.04;744207.0
2022-03-24;18.35;18.43;18.2;18.39;1074687.0
2022-03-25;18.29;18.5;18.16;18.24;1087570.0
2022-03-28;18.79;18.87;18.69;18.86;647921.0
2022-03-29;19.35;19.47;19.33;19.4;974873.0
2022-03-30;19.45;19.63;19.35;19.51;426139.0
2022-03-31;19.23;19.41;19.14;19.32;3128578.0
2022-04-01;19.85;19.91;19.83;19.84;752603.0
2022-04-04;20.27;20.28;20.07;20.2;2657927.0
2022-04-05;19.8;19.82;19.79;19.81;1225724.0
2022-04-06;18.98;19.18;18.88;19.07;1595076.0
2022-04-07;18.95;19.1;18.89;18.9;941849.0
2022-04-08;19.83;20.1;19.62;19.73;1334363.0
2022-04-11;20.33;20.4;20.33;20.37;1664849.0
2022-04-12;19.7;19.78;19.61;19.73;1676596.0
2022-04-13;19.11;19.13;19.07;19.08;1771588.0
2022-04-14;19.87;20.02;19.73;19.77;1000323.0
2022-04-15;19.11;19.19;19.09;19.14;945832.0
2022-04-18;19.33;19.48;19.25;19.41;541941.0
2022-04-19;19.1;19.37;18.94;19.07;1562206.0
2022-04-20;20.0;20.03;19.92;19.95;2066133.0
2022-04-21;19.51;19.63;19.36;19.51;2697918.0
2022-04-22;20.11;20.2;20.04;20.15;1400845.0
2022-04-25;20.31;20.31;20.24;20.25;819754.0
2022-04-26;20.41;20.47;20.3;20.38;514758.0
2022-04-27;19.22;19.39;19.17;19.27;2024500.0
2022-04-28;18.1;18.16;18.01;18.09;489854.0
2022-04-29;17.9;18.15;17.68;17.97;1014289.0
2022-05-02;18.13;18.15;17.92;18.09;1075017.0
2022-05-03;17.5;17.64;17.4;17.52;1161558.0
2022-05-04;16.96;16.99;16.8;16.98;1224326.0
2022-05-05;17.24;17.47;17.2;17.24;1288609.0
2022-05-06;17.52;17.55;17.48;17.51;359446.0
2022-05-09;17.49;17.53;17.33;17.44;1211449.0
2022-05-10;17.85;18.03;17.78;17.82;394436.0
2022-05-11;17.22;17.25;17.2;17.23;1734291.0
2022-05-12;17.09;17.13;16.84;17.05;911127.0
2022-05-13;17.88;17.97;17.79;17.86;409005.0
2022-05-16;17.86;17.93;17.71;17.89;800425.0
2022-05-17;17.94;18.11;17.9;17.94;904341.0
2022-05-18;19.14;19.17;19.06;19.15;2181122.0
2022-05-19;18.42;18.46;18.31;18.4;1326851.0
2022-05-20;18.79;18.84;18.72;18.81;1428624.0
2022-05-23;19.69;19.78;19.68;19.71;2170810.0
2022-05-24;19.64;19.65;19.49;19.52;1146160.0
2022-05-25;20.05;20.09;19.92;19.99;1753447.0
2022-05-26;19.39;19.48;19.3;19.44;1692861.0
2022-05-27;19.09;19.1;18.97;19.06;632076.0
2022-05-30;19.26;19.27;19.23;19.26;2511754.0
2022-05-31;19.71;19.8;19.68;19.69;591164.0
2022-06-01;20.33;20.34;20.28;20.32;1902508.0
2022-06-02;21.31;21.35;21.2;21.23;563241.0
2022-06-03;21.21;21.23;21.0;21.18;1624350.0
2022-06-06;21.9;22.0;21.73;21.9;3050931.0
2022-06-07;21.75;21.8;21.67;21.68;1081123.0
2022-06-08;22.25;22.52;22.21;22.24;1057927.0
2022-06-09;22.37;22.49;22.3;22.36;1631842.0
2022-06-10;22.66;22.69;22.6;22.63;1019988.0
2022-06-13;22.89;22.95;22.79;22.9;2985087.0
2022-06-14;21.87;21.9;21.8;21.87;1323905.0
2022-06-15;21.14;21.22;21.05;21.18;1024705.0
2022-06-16;21.18;21.27;21.01;21.23;917912.0
2022-06-17;20.17;20.44;20.06;20.23;754285.0
2022-06-20;20.62;20.83;20.6;20.7;878633.0
2022-06-21;21.16;21.29;21.02;21.21;1009195.0
2022-06-22;21.39;21.56;21.18;21.4;942396.0
2022-06-23;20.73;21.01;20.7;20.73;865370.0
2022-06-24;21.53;21.67;21.46;21.54;3434633.0
2022-06-27;22.65;22.85;22.42;22.82;718523.0
2022-06-28;23.01;23.37;22.85;22.9;1294087.0
2022-06-29;23.3;23.38;23.2;23.23;1617287.0
2022-06-30;23.38;23.63;23.14;23.35;1647969.0
2022-07-01;23.83;23.93;23.63;23.69;1167875.0
2022-07-04;23.53;23.61;23.46;23.6;1066240.0
2022-07-05;23.7;23.74;23.19;23.57;1507214.0
2022-07-06;24.1;24.37;24.02;24.17;1374033.0
2022-07-07;25.84;25.87;25.76;25.83;1056551.0
2022-07-08;24.72;24.92;24.59;24.81;550763.0
2022-07-11;24.73;24.89;24.54;24.73;951731.0
2022-07-12;23.93;23.97;23.85;23.91;677880.0
2022-07-13;24.99;25.11;24.88;25.0;861491.0
2022-07-14;24.63;24.75;24.47;24.58;1222748.0
2022-07-15;23.59;23.67;23.39;23.58;1438869.0
2022-07-18;23.96;24.07;23.87;24.0;2929160.0
2022-07-19;25.17;25.32;24.9;25.21;919235.0
2022-07-20;25.74;25.79;25.59;25.68;1771457.0
2022-07-21;25.77;25.84;25.67;25.82;1401397.0
2022-07-22;26.18;26.27;25.97;26.11;2299032.0
2022-07-25;27.26;27.35;26.89;27.16;1604166.0
2022-07-26;26.36;26.5;26.16;26.49;726330.0
2022-07-27;26.48;26.87;26.32;26.39;508122.0
2022-07-28;26.21;26.26;25.91;26.05;1405117.0
2022-07-29;25.21;25.3;25.06;25.19;923360.0
2022-08-01;24.99;25.12;24.83;24.95;736632.0
2022-08-02;25.81;25.89;25.58;25.73;638075.0
2022-08-03;26.12;26.48;26.06;26.14;1303401.0
2022-08-04;26.62;26.69;26.12;26.61;2555744.0
2022-08-05;26.6;26.85;26.54;26.71;980349.0
2022-08-08;27.11;27.17;26.99;27.1;1615468.0
2022-08-09;26.52;26.56;26.3;26.48;1142657.0
2022-08-10;26.28;26.4;26.17;26.24;631156.0
2022-08-11;26.45;26.54;26.19;26.37;1736541.0
2022-08-12;26.5;26.67;26.33;26.57;695686.0
2022-08-15;26.75;27.06;26.59;26.8;1215679.0
2022-08-16;26.83;26.99;26.34;26.68;1013824.0
2022-08-17;26.38;26.51;26.25;26.39;1879542.0
2022-08-18;28.86;29.0;28.71;28.85;708514.0
2022-08-19;29.58;29.67;29.55;29.59;1462174.0
2022-08-22;29.85;30.28;29.75;29.92;790247.0
2022-08-23;29.86;29.87;29.58;29.71;931403.0
2022-08-24;29.28;29.43;29.01;29.32;195321.0
2022-08-25;29.1;29.46;29.03;29.2;3423073.0
2022-08-26;29.4;29.58;29.08;29.44;1583706.0
2022-08-29;27.73;28.1;27.61;27.9;819399.0
2022-08-30;26.62;26.88;26.52;26.67;685341.0
2022-08-31;26.11;26.58;26.03;26.18;938629.0
2022-09-01;26.38;26.44;26.32;26.33;1721041.0
2022-09-02;26.09;26.61;26.06;26.14;466941.0
2022-09-05;27.32;27.46;26.94;27.25;1120413.0
2022-09-06;26.22;26.3;26.06;26.11;2914827.0
2022-09-07;25.61;25.83;25.45;25.55;682165.0
2022-09-08;26.65;26.73;26.55;26.67;1251924.0
2022-09-09;26.77;26.9;26.66;26.76;3618807.0
2022-09-12;27.3;27.6;27.16;27.43;1649653.0
2022-09-13;29.04;29.06;28.94;29.06;1280757.0
2022-09-14;28.41;28.49;28.05;28.48;1549307.0
2022-09-15;28.45;28.65;28.34;28.39;984183.0
2022-09-16;28.38;28.54;27.97;28.16;2303213.0
2022-09-19;26.67;26.8;26.62;26.63;984939.0
2022-09-20;26.23;26.39;26.08;26.39;451535.0
2022-09-21;27.01;27.05;27.0;27.04;988900.0
2022-09-22;27.46;27.71;27.42;27.45;741650.0
2022-09-23;27.93;27.99;27.64;27.92;1044870.0
2022-09-26;27.56;28.07;27.47;27.62;1056485.0
2022-09-27;27.12;27.16;26.8;27.1;2188466.0
2022-09-28;27.97;28.32;27.76;28.08;1702565.0
2022-09-29;27.6;27.83;27.59;27.67;1371798.0
2022-09-30;27.95;28.08;27.74;27.89;1200835.0
2022-10-03;27.93;28.12;27.43;28.01;708263.0
2022-10-04;29.23;29.47;28.95;29.19;404098.0
2022-10-05;29.87;30.03;29.74;29.99;1272609.0
2022-10-06;29.05;29.29;28.81;28.9;1789274.0
2022-10-07;27.86;27.99;27.76;27.93;1139196.0
2022-10-10;28.36;28.76;28.29;28.38;920408.0
2022-10-11;28.34;28.57;28.2;28.32;1517009.0
2022-10-12;27.89;27.99;27.86;27.94;1153526.0
2022-10-13;28.76;29.19;28.59;28.75;2793685.0
2022-10-14;28.94;28.99;28.62;28.89;2227441.0
2022-10-17;29.0;29.11;28.65;28.92;1943020.0
2022-10-18;29.62;29.75;29.34;29.55;1756559.0
2022-10-19;29.21;29.24;29.21;29.23;630909.0
2022-10-20;30.53;30.71;30.44;30.55;1675290.0
2022-10-21;30.07;30.53;29.83;29.86;1451580.0
2022-10-24;30.49;30.81;30.27;30.41;1628569.0
2022-10-25;31.57;31.76;31.31;31.66;1538479.0
2022-10-26;30.44;30.71;30.38;30.43;1508130.0
2022-10-27;30.1;30.2;29.93;30.13;4640967.0
2022-10-28;31.09;31.28;31.08;31.1;1157655.0
2022-10-31;32.01;32.22;31.66;32.13;1920639.0
2022-11-01;31.92;32.19;31.66;31.96;950273.0
2022-11-02;31.46;31.47;31.12;31.29;1785700.0
2022-11-03;32.19;32.35;31.98;32.14;1923506.0
2022-11-04;32.97;33.24;32.83;33.22;1442969.0
2022-11-07;32.24;32.43;31.9;32.13;2770736.0
2022-11-08;31.14;31.36;30.95;31.04;772867.0
2022-11-09;31.19;31.57;30.94;31.22;942593.0
2022-11-10;31.84;31.9;31.76;31.77;1337336.0
2022-11-11;31.41;31.5;31.26;31.49;1868046.0
2022-11-14;32.05;32.09;31.84;32.09;1315483.0
2022-11-15;31.58;31.61;31.3;31.44;2287293.0
2022-11-16;29.57;29.71;29.13;29.6;863851.0
2022-11-17;29.07;29.24;29.04;29.23;679907.0
2022-11-18;29.27;29.34;29.2;29.27;1402917.0
2022-11-21;29.03;29.1;28.81;29.03;1157080.0
2022-11-22;28.18;28.29;27.77;28.08;1577626.0
2022-11-23;26.67;26.79;26.53;26.66;1186240.0
2022-11-24;26.23;26.37;26.01;26.27;1014585.0
2022-11-25;27.02;27.16;26.88;26.93;1158378.0
2022-11-28;27.91;27.91;27.8;27.9;1220077.0
2022-11-29;28.78;28.93;28.65;28.84;1032516.0
2022-11-30;28.27;28.37;28.07;28.17;1086459.0
2022-12-01;27.27;27.39;27.03;27.25;982842.0
2022-12-02;27.63;27.74;27.53;27.63;1845632.0
2022-12-05;28.14;28.17;27.88;28.12;1325116.0
2022-12-06;28.34;28.53;28.26;28.43;3716810.0
2022-12-07;26.8;26.93;26.51;26.84;1303225.0
2022-12-08;26.18;26.27;26.06;26.18;913073.0
2022-12-09;26.13;26.33;25.85;26.15;4571435.0
2022-12-12;26.6;26.76;26.31;26.5;1478906.0
2022-12-13;27.09;27.17;27.07;27.07;1972993.0
2022-12-14;27.24;27.43;26.81;27.17;1616949.0
2022-12-15;27.42;27.82;27.35;27.42;1642131.0
2022-12-16;27.56;27.79;27.38;27.47;1571949.0
2022-12-19;28.03;28.19;27.75;28.0;693120.0
2022-12-20;28.24;28.31;27.95;28.24;1445209.0
2022-12-21;28.28;28.48;28.26;28.28;620059.0
2022-12-22;27.97;28.07;27.92;28.05;1102200.0
2022-12-23;28.15;28.16;28.04;28.11;836675.0
2022-12-26;28.48;28.71;28.22;28.48;1437959.0
2022-12-27;28.65;28.81;28.42;28.69;1421272.0
2022-12-28;29.09;29.13;28.77;28.99;1529686.0
2022-12-29;29.99;30.52;29.9;30.1;1388380.0
2022-12-30;30.28;30.63;30.27;30.32;887876.0
2023-01-02;29.84;30.04;29.39;29.75;1055472.0
2023-01-03;30.52;30.58;30.25;30.49;1905392.0
2023-01-04;29.32;29.34;29.21;29.32;2051185.0
2023-01-05;28.45;28.47;28.36;28.43;677801.0
2023-01-06;28.7;28.84;28.39;28.69;559353.0
2023-01-09;28.97;29.39;28.73;29.1;836143.0
2023-01-10;28.05;28.12;28.01;28.08;2028088.0
2023-01-11;27.9;28.01;27.69;27.76;2207656.0
2023-01-12;27.23;27.33;27.17;27.28;757398.0
2023-01-13;26.87;27.06;26.54;26.9;1402343.0
2023-01-16;27.57;27.69;27.38;27.61;3009293.0
2023-01-17;28.15;28.34;28.13;28.16;1480153.0
2023-01-18;28.09;28.32;28.05;28.13;2447926.0
2023-01-19;27.73;27.91;27.45;27.69;1981497.0
2023-01-20;26.66;26.76;26.55;26.64;762914.0
2023-01-23;27.79;27.82;27.47;27.72;1093626.0
2023-01-24;28.09;28.22;27.72;28.18;1223685.0
2023-01-25;27.58;27.84;27.51;27.61;1266879.0
2023-01-26;28.15;28.44;28.06;28.17;1901521.0
2023-01-27;28.14;28.14;27.81;28.1;1475256.0
2023-01-30;27.8;27.91;27.54;27.86;277035.0
2023-01-31;28.28;28.37;28.19;28.2;623797.0
2023-02-01;27.7;27.92;27.35;27.6;402846.0
2023-02-02;27.24;27.42;26.95;27.32;1312813.0
2023-02-03;27.37;27.44;27.35;27.41;1356263.0
2023-02-06;26.97;27.12;26.57;27.01;1385557.0
2023-02-07;27.73;27.76;27.51;27.52;744550.0
2023-02-08;28.96;29.06;28.93;29.0;1684656.0
2023-02-09;28.52;28.58;28.23;28.38;1720510.0
2023-02-10;26.95;27.14;26.9;27.06;642053.0
2023-02-13;25.48;25.78;25.47;25.55;577799.0
2023-02-14;25.38;25.54;25.17;25.44;1202525.0
2023-02-15;24.89;25.07;24.89;24.95;2945800.0
2023-02-16;25.07;25.13;24.81;25.09;2813307.0
2023-02-17;25.12;25.4;25.06;25.17;1593912.0
2023-02-20;23.99;24.2;23.89;24.05;834845.0
2023-02-21;22.91;22.97;22.71;22.83;1873692.0
2023-02-22;23.1;23.1;22.92;23.01;959136.0
2023-02-23;23.16;23.22;22.89;23.09;819333.0
2023-02-24;22.84;23.07;22.68;22.81;411686.0
2023-02-27;21.76;21.85;21.61;21.75;1265770.0
2023-02-28;22.0;22.2;21.91;22.03;877705.0
2023-03-01;22.77;22.85;22.66;22.83;1262009.0
2023-03-02;23.03;23.14;22.73;23.01;380911.0
2023-03-03;22.37;22.46;22.28;22.45;1309182.0
2023-03-06;22.4;22.58;22.16;22.47;356625.0
2023-03-07;21.68;21.89;21.54;21.61;2071887.0
2023-03-08;22.38;22.49;22.14;22.26;1561169.0
2023-03-09;22.33;22.4;22.26;22.3;1046192.0
2023-03-10;21.27;21.43;21.11;21.2;1593367.0
2023-03-13;21.0;21.27;20.88;21.01;737457.0
2023-03-14;21.2;21.36;21.07;21.28;1246921.0
2023-03-15;21.11;21.28;21.02;21.07;1789393.0
2023-03-16;20.94;20.94;20.81;20.9;255980.0
2023-03-17;20.18;20.22;20.0;20.18;961633.0
2023-03-20;20.48;20.58;20.37;20.5;1189065.0
2023-03-21;20.17;20.2;20.03;20.12;1090180.0
2023-03-22;18.86;19.07;18.8;18.92;2491887.0
2023-03-23;18.67;18.78;18.54;18.71;685600.0
2023-03-24;19.17;19.31;19.0;19.23;881535.0
2023-03-27;19.02;19.04;18.97;19.01;461421.0
2023-03-28;19.9;20.16;19.76;19.97;2559041.0
2023-03-29;20.16;20.31;20.08;20.2;1063265.0
2023-03-30;20.34;20.41;20.27;20.39;965881.0
2023-03-31;20.29;20.44;20.16;20.31;1171457.0
2023-04-03;20.17;20.31;20.07;20.26;1653026.0
2023-04-04;20.1;20.25;20.03;20.1;1430710.0
2023-04-05;19.99;20.01;19.88;19.92;4519636.0
2023-04-06;20.22;20.47;19.94;20.21;1509015.0
2023-04-07;19.77;19.78;19.57;19.68;953007.0
2023-04-10;19.15;19.19;18.98;19.08;908292.0
2023-04-11;18.52;18.57;18.47;18.47;988180.0
2023-04-12;19.57;19.66;19.39;19.57;567549.0
2023-04-13;19.86;19.91;19.71;19.86;1226815.0
2023-04-14;20.07;20.13;19.94;20.02;1779306.0
2023-04-17;19.4;19.46;19.35;19.42;884978.0
2023-04-18;19.65;19.85;19.38;19.76;803161.0
2023-04-19;19.72;19.74;19.6;19.69;2566292.0
2023-04-20;19.73;19.86;19.64;19.8;589340.0
2023-04-21;19.19;19.34;19.13;19.25;427663.0
2023-04-24;19.33;19.43;19.28;19.33;675730.0
2023-04-25;19.09;19.2;19.05;19.09;556701.0
2023-04-26;18.6;18.68;18.55;18.67;1458783.0
2023-04-27;19.07;19.1;19.03;19.06;1004146.0
2023-04-28;18.29;18.33;18.23;18.24;1077503.0
2023-05-01;18.46;18.63;18.3;18.53;2140323.0
2023-05-02;18.95;19.02;18.73;18.88;851141.0
2023-05-03;18.32;18.42;18.21;18.41;1771868.0
2023-05-04;18.09;18.18;17.89;17.98;2560368.0
2023-05-05;17.84;17.98;17.76;17.86;957584.0
2023-05-08;18.0;18.06;17.87;17.99;1738462.0
2023-05-09;17.81;18.12;17.8;17.91;1065645.0
2023-05-10;18.12;18.16;17.92;18.12;1908922.0
2023-05-11;19.06;19.18;19.04;19.04;548123.0
2023-05-12;18.76;18.81;18.65;18.76;528207.0
2023-05-15;17.84;17.91;17.76;17.87;988917.0
2023-05-16;18.23;18.33;18.1;18.28;771072.0
2023-05-17;19.23;19.24;19.11;19.17;928797.0
2023-05-18;19.38;19.39;19.31;19.38;1077589.0
2023-05-19;18.87;18.97;18.51;18.78;1723740.0
2023-05-22;18.68;18.82;18.6;18.71;980845.0
2023-05-23;18.09;18.24;17.85;18.12;796569.0
2023-05-24;18.49;18.61;18.37;18.44;1008771.0
2023-05-25;17.65;17.78;17.63;17.74;818663.0
2023-05-26;17.52;17.75;17.51;17.58;753887.0
2023-05-29;17.14;17.18;17.04;17.08;536859.0
2023-05-30;17.08;17.21;17.07;17.14;1245116.0
2023-05-31;16.86;17.06;16.86;16.95;904961.0
2023-06-01;17.13;17.21;16.95;17.03;1949609.0
2023-06-02;16.96;17.07;16.79;17.04;583210.0
2023-06-05;16.57;16.68;16.41;16.56;917088.0
2023-06-06;16.85;17.08;16.78;16.85;2977080.0
2023-06-07;16.68;16.85;16.67;16.82;751777.0
2023-06-08;16.34;16.46;16.15;16.35;1068465.0
2023-06-09;17.44;17.55;17.38;17.41;654795.0
2023-06-12;17.66;17.74;17.61;17.64;612795.0
2023-06-13;17.61;17.71;17.53;17.56;2606856.0
2023-06-14;18.25;18.28;18.25;18.27;1309976.0
2023-06-15;19.28;19.37;19.11;19.24;1285733.0
2023-06-16;19.12;19.23;19.03;19.16;514959.0
2023-06-19;19.26;19.36;19.05;19.34;1438873.0
2023-06-20;18.72;18.84;18.62;18.8;2145131.0
2023-06-21;18.63;18.79;18.62;18.71;2136626.0
2023-06-22;18.65;18.68;18.56;18.6;1679769.0
2023-06-23;18.6;18.69;18.38;18.69;683688.0
2023-06-26;18.87;19.05;18.84;18.86;1406425.0
2023-06-27;19.14;19.23;19.07;19.15;1679140.0
2023-06-28;19.27;19.35;19.25;19.27;490303.0
2023-06-29;18.69;18.7;18.54;18.62;686499.0
2023-06-30;18.1;18.13;18.05;18.12;1874924.0
2023-07-03;17.87;17.87;17.78;17.83;1863604.0
2023-07-04;17.69;17.95;17.62;17.68;554437.0
2023-07-05;18.2;18.25;18.18;18.21;1789614.0
2023-07-06;17.74;17.95;17.37;17.61;1261298.0
2023-07-07;17.35;17.49;17.28;17.43;1777120.0
2023-07-10;17.97;18.18;17.87;17.9;875665.0
2023-07-11;17.78;17.81;17.74;17.74;1660438.0
2023-07-12;17.94;18.18;17.87;17.97;1833825.0
2023-07-13;17.98;18.07;17.77;17.89;1008861.0
2023-07-14;17.91;18.18;17.66;18.01;1213326.0
2023-07-17;17.86;17.93;17.8;17.89;869557.0
2023-07-18;18.16;18.22;18.07;18.22;2746449.0
2023-07-19;17.46;17.49;17.4;17.43;1132416.0
2023-07-20;17.19;17.26;17.11;17.25;758416.0
2023-07-21;17.41;17.56;17.34;17.39;840781.0
2023-07-24;17.64;17.7;17.54;17.65;1281299.0
2023-07-25;18.37;18.61;18.35;18.4;1752696.0
2023-07-26;18.21;18.26;18.1;18.19;616668.0
2023-07-27;18.95;19.01;18.9;18.96;3029263.0
2023-07-28;18.54;18.76;18.5;18.6;1403301.0
2023-07-31;19.47;19.58;19.22;19.31;1518492.0
2023-08-01;19.73;19.81;19.55;19.76;1145561.0
2023-08-02;19.11;19.37;18.82;19.24;1214241.0
2023-08-03;19.35;19.43;19.34;19.4;1116666.0
2023-08-04;19.29;19.46;19.09;19.37;2000481.0
2023-08-07;19.75;19.84;19.42;19.71;1197846.0
2023-08-08;19.59;19.65;19.52;19.57;1764760.0
2023-08-09;19.42;19.5;19.31;19.4;968086.0
2023-08-10;20.13;20.18;20.13;20.16;1326189.0
2023-08-11;20.07;20.19;19.98;20.09;804551.0
2023-08-14;20.54;20.56;20.42;20.56;2209472.0
2023-08-15;20.41;20.46;20.22;20.42;792642.0
2023-08-16;21.45;21.67;21.28;21.4;1022243.0
2023-08-17;21.0;21.17;20.74;20.98;1027377.0
2023-08-18;20.64;20.7;20.61;20.61;1007542.0
2023-08-21;21.55;21.74;21.48;21.51;1725880.0
2023-08-22;21.29;21.39;21.2;21.24;1026506.0
2023-08-23;22.23;22.34;22.18;22.21;2414402.0
2023-08-24;22.8;22.88;22.63;22.77;798717.0
2023-08-25;22.75;22.92;22.65;22.66;1308888.0
2023-08-28;21.48;21.66;21.38;21.52;815949.0
2023-08-29;21.44;21.68;21.39;21.5;1484348.0
2023-08-30;21.48;21.55;21.45;21.55;1193052.0
2023-08-31;22.28;22.57;22.23;22.27;1112888.0
2023-09-01;23.16;23.46;22.92;23.29;2178697.0
2023-09-04;22.86;23.03;22.82;22.83;867030.0
2023-09-05;23.34;23.4;23.23;23.34;1612438.0
2023-09-06;23.93;23.98;23.55;23.85;818739.0
2023-09-07;24.52;24.58;24.33;24.57;1272307.0
2023-09-08;24.9;24.92;24.73;24.91;661465.0
2023-09-11;23.65;23.67;23.52;23.57;863493.0
2023-09-12;23.55;23.63;23.42;23.46;1154212.0
2023-09-13;22.64;22.71;22.46;22.69;2979674.0
2023-09-14;22.56;22.69;22.48;22.55;1264771.0
2023-09-15;23.2;23.26;23.14;23.18;2750612.0
2023-09-18;23.4;23.48;23.37;23.37;1342658.0
2023-09-19;24.11;24.33;23.96;24.13;990988.0
2023-09-20;24.45;24.65;24.18;24.36;2596509.0
2023-09-21;23.34;23.48;23.11;23.47;1496304.0
2023-09-22;21.81;21.97;21.7;21.84;872082.0
2023-09-25;21.95;22.05;21.91;21.92;1521619.0
2023-09-26;21.81;21.85;21.76;21.78;1038931.0
2023-09-27;21.27;21.33;21.12;21.18;444846.0
2023-09-28;20.25;20.35;19.99;20.17;1920290.0
2023-09-29;19.73;19.76;19.72;19.75;2079144.0
2023-10-02;19.71;19.73;19.62;19.63;3014580.0
2023-10-03;19.96;20.07;19.96;20.0;1485218.0
2023-10-04;20.16;20.43;19.88;20.1;1061972.0
2023-10-05;21.14;21.24;20.98;21.03;1825738.0
2023-10-06;20.49;20.61;20.41;20.41;1839327.0
2023-10-09;20.93;20.98;20.74;20.92;2728167.0
2023-10-10;20.92;21.08;20.9;20.94;1176067.0
2023-10-11;21.25;21.36;21.1;21.35;1107051.0
2023-10-12;21.1;21.18;20.96;21.08;840900.0
2023-10-13;21.65;21.84;21.62;21.72;1573371.0
2023-10-16;21.84;22.1;21.64;21.89;554526.0
2023-10-17;21.39;21.84;21.3;21.47;1772752.0
2023-10-18;21.42;21.48;21.4;21.45;1613502.0
2023-10-19;21.29;21.38;21.26;21.3;1611273.0
2023-10-20;21.6;21.66;21.46;21.58;1288659.0
2023-10-23;20.83;20.9;20.78;20.87;2588241.0
2023-10-24;20.91;21.02;20.83;20.84;1859832.0
2023-10-25;21.05;21.23;21.05;21.07;887764.0
2023-10-26;21.03;21.38;20.87;21.08;895744.0
2023-10-27;21.9;22.02;21.69;21.89;774647.0
2023-10-30;22.5;22.73;22.25;22.37;1584282.0
2023-10-31;22.37;22.47;22.34;22.35;729366.0
2023-11-01;22.46;22.59;22.37;22.48;2067180.0
2023-11-02;22.56;22.82;22.35;22.66;2330251.0
2023-11-03;22.9;23.09;22.8;22.91;774902.0
2023-11-06;21.76;21.86;21.71;21.75;1096053.0
2023-11-07;21.53;21.81;21.44;21.55;1212640.0
2023-11-08;20.55;20.67;20.47;20.66;1871015.0
2023-11-09;21.36;21.55;21.24;21.41;2688978.0
2023-11-10;21.46;21.53;21.34;21.37;517753.0
2023-11-13;21.33;21.52;21.05;21.24;1025724.0
2023-11-14;21.72;21.8;21.69;21.78;1052829.0
2023-11-15;22.08;22.16;22.02;22.03;596996.0
2023-11-16;21.25;21.41;21.22;21.33;943588.0
2023-11-17;21.37;21.48;20.98;21.28;1489401.0
2023-11-20;21.08;21.18;21.07;21.07;1046185.0
2023-11-21;20.1;20.35;20.01;20.04;555536.0
2023-11-22;19.55;19.67;19.49;19.65;5060831.0
2023-11-23;19.58;19.6;19.4;19.54;1373797.0
2023-11-24;19.47;19.61;19.36;19.47;1271677.0
2023-11-27;18.71;18.73;18.57;18.66;694562.0
2023-11-28;19.32;19.44;19.04;19.27;1370044.0
2023-11-29;19.21;19.23;19.05;19.21;1107807.0
2023-11-30;19.18;19.25;19.03;19.22;467773.0
2023-12-01;19.48;19.51;19.33;19.43;704238.0
2023-12-04;18.99;19.13;18.91;18.99;1789529.0
2023-12-05;19.18;19.47;19.12;19.23;3178783.0
2023-12-06;18.97;19.08;18.92;19.03;1444946.0
2023-12-07;18.46;18.61;18.38;18.54;2087633.0
2023-12-08;18.81;18.92;18.7;18.84;1112502.0
2023-12-11;19.71;19.73;19.63;19.64;1151674.0
2023-12-12;20.05;20.13;20.03;20.04;2075037.0
2023-12-13;20.53;20.6;20.48;20.57;2761787.0
2023-12-14;20.31;20.48;20.19;20.26;2304901.0
2023-12-15;19.3;19.39;19.17;19.35;705610.0
2023-12-18;20.19;20.26;20.02;20.18;1163008.0
2023-12-19;21.37;21.44;21.37;21.38;1381613.0
2023-12-20;22.38;22.56;22.18;22.33;1056171.0
2023-12-21;22.0;22.26;22.0;22.11;1459973.0
2023-12-22;21.33;21.59;21.3;21.39;1812628.0
2023-12-25;20.64;20.86;20.63;20.74;1985547.0
2023-12-26;19.75;19.92;19.66;19.77;2793861.0
2023-12-27;19.77;19.81;19.52;19.7;1019966.0
2023-12-28;20.58;20.69;20.32;20.61;608032.0
2023-12-29;20.49;20.61;20.47;20.52;1438508.0
2024-01-01;20.74;20.82;20.63;20.69;3084517.0
2024-01-02;21.57;21.6;21.41;21.5;947434.0
2024-01-03;21.24;21.26;21.07;21.25;1695390.0
2024-01-04;22.55;22.72;22.38;22.5;1702951.0
2024-01-05;23.72;23.85;23.52;23.8;1323408.0
2024-01-08;23.8;23.92;23.47;23.7;1206775.0
2024-01-09;23.46;23.55;23.03;23.3;757884.0
2024-01-10;23.8;23.9;23.75;23.76;384296.0
2024-01-11;23.37;23.67;23.32;23.52;689743.0
2024-01-12;22.71;22.83;22.32;22.75;989394.0
2024-01-15;23.63;23.89;23.38;23.58;2081733.0
2024-01-16;24.37;24.64;24.26;24.4;1142165.0
2024-01-17;24.59;24.66;24.2;24.5;927722.0
2024-01-18;23.67;23.79;23.5;23.63;770278.0
2024-01-19;22.76;22.99;22.72;22.81;1670115.0
2024-01-22;22.87;22.92;22.87;22.87;2371845.0
2024-01-23;22.48;22.64;22.25;22.54;2046656.0
2024-01-24;22.3;22.56;22.01;22.31;1628345.0
2024-01-25;22.92;23.02;22.84;22.96;575039.0
2024-01-26;23.51;23.68;23.15;23.43;1008690.0
2024-01-29;24.51;24.55;24.05;24.36;3184010.0
2024-01-30;23.57;23.76;23.38;23.67;2107421.0
2024-01-31;23.3;23.55;23.29;23.43;557517.0
2024-02-01;23.92;24.22;23.89;23.93;1169638.0
2024-02-02;24.12;24.29;23.86;24.23;1442011.0
2024-02-05;25.3;25.44;25.18;25.29;821528.0
2024-02-06;25.65;25.69;25.54;25.59;379040.0
2024-02-07;27.07;27.27;26.92;26.95;1263520.0
2024-02-08;27.37;27.77;27.29;27.36;811079.0
2024-02-09;28.17;28.24;27.99;28.18;812669.0
2024-02-12;27.75;27.93;27.62;27.91;1007175.0
2024-02-13;27.92;28.06;27.71;27.91;1124852.0
2024-02-14;28.64;28.66;28.59;28.63;1197155.0
2024-02-15;30.02;30.11;29.85;29.96;772977.0
2024-02-16;30.51;30.7;30.34;30.57;1077221.0
2024-02-19;30.45;30.92;29.91;30.49;499463.0
2024-02-20;31.55;31.94;31.45;31.69;1404960.0
2024-02-21;29.57;29.82;29.41;29.77;288330.0
2024-02-22;28.49;28.68;28.43;28.58;1040545.0
2024-02-23;28.99;29.21;28.42;29.13;1904239.0
2024-02-26;29.16;29.24;29.01;29.13;708092.0
2024-02-27;29.57;29.69;29.09;29.62;1720654.0
2024-02-28;29.61;29.72;29.51;29.66;2143320.0
2024-02-29;30.05;30.27;29.93;30.13;230050.0
2024-03-01;29.15;29.57;29.09;29.43;1114948.0
2024-03-04;30.04;30.2;29.58;29.9;285533.0
2024-03-05;30.65;30.9;30.32;30.75;1133585.0
2024-03-06;31.78;31.85;31.67;31.81;1198300.0
2024-03-07;33.52;33.68;33.47;33.67;347572.0
2024-03-08;33.99;34.12;33.6;33.89;3148445.0
2024-03-11;34.16;34.43;33.97;34.14;1387491.0
2024-03-12;32.6;32.81;32.3;32.68;786610.0
2024-03-13;32.15;32.25;32.14;32.18;2502222.0
2024-03-14;32.16;32.61;31.87;31.99;490016.0
2024-03-15;32.94;32.99;32.87;32.95;650447.0
2024-03-18;32.35;32.55;32.27;32.37;380892.0
2024-03-19;33.0;33.21;32.99;33.1;2959475.0
2024-03-20;32.89;33.18;32.86;33.08;1420008.0
2024-03-21;32.89;32.91;32.85;32.9;1672284.0
2024-03-22;33.15;33.26;32.92;33.12;1397926.0
2024-03-25;32.85;32.88;32.6;32.74;1602193.0
2024-03-26;32.12;32.63;31.93;32.33;1250481.0
2024-03-27;30.69;30.98;30.51;30.8;1377059.0
2024-03-28;30.51;30.66;30.47;30.57;1269079.0
2024-03-29;30.14;30.23;30.01;30.14;887092.0
2024-04-01;29.68;29.83;29.65;29.69;1174893.0
2024-04-02;30.02;30.34;29.91;30.03;1378901.0
2024-04-03;30.63;30.67;30.54;30.59;1270949.0
2024-04-04;30.69;30.89;30.63;30.78;574419.0
2024-04-05;31.73;31.88;31.48;31.65;613850.0
2024-04-08;32.2;32.32;32.09;32.15;2066611.0
2024-04-09;31.84;31.93;31.78;31.87;1031478.0
2024-04-10;31.6;31.63;31.4;31.44;1610995.0
2024-04-11;31.86;31.96;31.46;31.71;696581.0
2024-04-12;32.31;32.49;32.11;32.22;575749.0
2024-04-15;33.2;33.68;33.12;33.51;788748.0
2024-04-16;34.81;34.82;34.63;34.64;1075953.0
2024-04-17;34.18;34.22;34.02;34.1;862362.0
2024-04-18;34.2;34.57;33.86;33.99;2296661.0
2024-04-19;34.76;34.85;34.61;34.63;1315545.0
2024-04-22;35.85;36.02;35.44;35.68;3031201.0
2024-04-23;36.72;36.74;36.42;36.63;1472105.0
2024-04-24;36.69;37.22;36.26;36.55;359952.0
2024-04-25;35.47;35.61;34.98;35.26;2039103.0
2024-04-26;34.28;34.35;34.02;34.26;565364.0
2024-04-29;34.35;34.59;34.22;34.51;1349530.0
2024-04-30;34.8;34.85;34.51;34.83;816399.0
2024-05-01;33.79;33.86;33.69;33.75;3510804.0
2024-05-02;33.79;34.07;33.65;33.78;2470174.0
2024-05-03;34.25;34.49;34.16;34.38;829924.0
2024-05-06;33.1;33.28;33.02;33.26;1128411.0
2024-05-07;34.23;34.56;34.19;34.3;1359053.0
2024-05-08;34.01;34.46;33.9;33.92;1851871.0
2024-05-09;35.31;35.59;35.09;35.14;1220262.0
2024-05-10;34.7;34.86;34.56;34.6;720393.0
2024-05-13;33.7;33.84;33.14;33.59;840053.0
2024-05-14;33.14;33.18;32.98;33.15;1199912.0
2024-05-15;32.87;33.4;32.38;33.05;2229368.0
2024-05-16;32.63;32.7;32.53;32.67;1489452.0
2024-05-17;32.43;32.72;32.42;32.46;816917.0
2024-05-20;32.7;32.85;32.44;32.75;1663088.0
2024-05-21;32.59;32.74;32.42;32.58;991037.0
2024-05-22;32.55;32.69;32.14;32.51;1877035.0
2024-05-23;31.04;31.07;30.86;30.96;4254574.0
2024-05-24;31.26;31.42;30.9;31.29;1005089.0
2024-05-27;31.02;31.62;30.79;31.2;1795515.0
2024-05-28;32.6;32.66;32.39;32.64;828443.0
2024-05-29;31.78;31.94;31.71;31.77;1136959.0
2024-05-30;30.28;30.43;30.16;30.17;1220512.0
2024-05-31;30.64;30.85;30.47;30.69;1091603.0
2024-06-03;31.03;31.38;30.9;30.98;4120590.0
2024-06-04;30.13;30.41;30.02;30.1;1031685.0
2024-06-05;28.81;28.94;28.79;28.81;1612709.0
2024-06-06;30.17;30.21;30.02;30.08;458152.0
2024-06-07;31.24;31.41;31.07;31.3;1492552.0
2024-06-10;29.11;29.42;28.95;29.16;2128711.0
2024-06-11;28.77;28.8;28.59;28.77;923754.0
2024-06-12;30.09;30.24;29.76;30.15;342795.0
2024-06-13;29.78;29.81;29.44;29.73;1179586.0
2024-06-14;29.24;29.53;29.18;29.31;1212981.0
2024-06-17;29.08;29.11;28.93;29.06;1727244.0
2024-06-18;28.13;28.3;28.01;28.14;3286887.0
2024-06-19;26.82;27.07;26.56;26.8;994478.0
2024-06-20;27.57;27.81;27.38;27.6;783758.0
2024-06-21;26.16;26.32;26.08;26.19;671011.0
2024-06-24;26.37;26.42;26.19;26.36;1327807.0
2024-06-25;27.04;27.14;26.74;27.02;1528316.0
2024-06-26;25.92;26.03;25.84;25.92;915451.0
2024-06-27;25.37;25.38;25.1;25.24;1775054.0
2024-06-28;26.04;26.15;25.85;26.11;1517678.0
2024-07-01;26.5;26.55;26.44;26.5;1228883.0
2024-07-02;25.91;26.24;25.78;26.03;765889.0
2024-07-03;26.95;27.2;26.84;26.92;945121.0
2024-07-04;27.76;28.12;27.61;27.85;356868.0
2024-07-05;28.03;28.11;27.93;28.05;1353079.0
2024-07-08;27.3;27.46;27.09;27.33;1218548.0
2024-07-09;27.03;27.07;26.88;27.0;1321449.0
2024-07-10;27.17;27.26;27.15;27.21;1547513.0
2024-07-11;27.01;27.09;26.88;27.06;1458488.0
2024-07-12;27.9;27.93;27.72;27.78;1138029.0
2024-07-15;26.61;26.72;26.58;26.59;1232227.0
2024-07-16;25.43;25.52;25.31;25.47;595908.0
2024-07-17;25.57;25.69;25.43;25.59;898192.0
2024-07-18;25.35;25.45;25.19;25.23;1233339.0
2024-07-19;24.76;24.99;24.63;24.78;832404.0
2024-07-22;23.51;23.68;23.39;23.55;1848852.0
2024-07-23;23.51;23.84;23.38;23.56;865172.0
2024-07-24;23.47;23.63;23.46;23.51;1339963.0
2024-07-25;23.9;24.11;23.77;23.94;1274778.0
2024-07-26;23.89;24.03;23.67;23.98;1746525.0
2024-07-29;23.8;23.9;23.7;23.88;1886805.0
2024-07-30;24.62;24.71;24.3;24.68;1701492.0
2024-07-31;23.81;24.01;23.63;23.77;419575.0
2024-08-01;24.1;24.2;23.94;24.12;2184886.0
2024-08-02;22.99;23.07;22.89;23.0;2580914.0
2024-08-05;22.54;22.59;22.33;22.45;944998.0
2024-08-06;21.77;21.83;21.59;21.68;1353661.0
2024-08-07;22.14;22.28;22.13;22.16;770338.0
2024-08-08;22.07;22.15;21.99;22.11;453981.0
2024-08-09;22.04;22.33;21.95;22.09;831214.0
2024-08-12;21.45;21.45;21.28;21.4;917980.0
2024-08-13;21.2;21.41;21.07;21.21;1007089.0
2024-08-14;20.73;21.02;20.61;20.75;744556.0
2024-08-15;20.92;21.09;20.9;20.97;833415.0
2024-08-16;20.33;20.4;20.31;20.38;1196004.0
2024-08-19;21.17;21.21;21.03;21.15;818220.0
2024-08-20;20.08;20.2;20.05;20.16;1578147.0
2024-08-21;19.76;19.79;19.43;19.7;1690999.0
2024-08-22;20.62;20.7;20.56;20.65;3953824.0
2024-08-23;20.38;20.58;20.33;20.39;2111354.0
2024-08-26;19.56;19.73;19.49;19.64;1358038.0
2024-08-27;19.75;19.93;19.68;19.75;881930.0
2024-08-28;19.46;19.6;19.38;19.48;1392865.0
2024-08-29;19.01;19.05;18.93;19.01;1415931.0
2024-08-30;18.51;18.52;18.22;18.43;930375.0
2024-09-02;19.93;19.97;19.88;19.92;1779540.0
2024-09-03;19.73;19.94;19.65;19.77;597764.0
2024-09-04;18.67;18.74;18.61;18.71;1064270.0
2024-09-05;19.55;19.6;19.46;19.52;1587910.0
2024-09-06;19.93;19.99;19.69;19.85;1041537.0
2024-09-09;19.43;19.64;19.27;19.41;1084493.0
2024-09-10;18.94;18.97;18.82;18.9;1122543.0
2024-09-11;19.29;19.31;19.19;19.26;791907.0
2024-09-12;19.2;19.3;19.11;19.11;2162878.0
2024-09-13;17.99;18.21;17.96;18.09;722867.0
2024-09-16;19.06;19.18;18.85;19.02;1409971.0
2024-09-17;18.84;18.86;18.74;18.78;1478922.0
2024-09-18;19.51;19.62;19.5;19.59;748397.0
2024-09-19;20.25;20.47;20.17;20.3;1247375.0
2024-09-20;19.68;19.73;19.6;19.73;763130.0
2024-09-23;20.26;20.42;20.15;20.31;2410925.0
2024-09-24;19.9;20.01;19.89;19.93;680517.0
2024-09-25;18.91;18.92;18.87;18.89;867223.0
2024-09-26;18.71;18.83;18.42;18.66;652057.0
2024-09-27;18.92;19.09;18.82;18.86;609961.0
2024-09-30;18.56;18.62;18.45;18.61;2664715.0
2024-10-01;18.39;18.5;18.35;18.44;1577556.0
2024-10-02;19.12;19.22;18.96;19.04;1289992.0
2024-10-03;19.13;19.21;18.83;19.09;866062.0
2024-10-04;18.64;18.66;18.43;18.63;1893251.0
2024-10-07;19.03;19.16;18.95;19.0;796425.0
2024-10-08;19.1;19.16;18.97;19.1;1788378.0
2024-10-09;17.8;17.91;17.54;17.77;777426.0
2024-10-10;17.97;18.07;17.88;17.98;871304.0
2024-10-11;18.19;18.3;18.13;18.18;1757040.0
2024-10-14;18.1;18.2;18.07;18.18;1852254.0
2024-10-15;18.6;18.77;18.55;18.64;1621296.0
2024-10-16;18.24;18.28;17.96;18.28;711523.0
2024-10-17;18.43;18.5;18.38;18.45;961872.0
2024-10-18;17.59;17.8;17.53;17.64;1300747.0
2024-10-21;17.81;17.89;17.64;17.84;786509.0
2024-10-22;18.76;18.93;18.67;18.84;2386841.0
2024-10-23;18.34;18.36;18.22;18.31;361865.0
2024-10-24;17.91;17.95;17.62;17.91;814745.0
2024-10-25;17.46;17.64;17.43;17.55;932120.0
2024-10-28;17.56;17.63;17.47;17.61;290114.0
2024-10-29;17.1;17.1;17.02;17.08;598323.0
2024-10-30;17.25;17.33;17.03;17.28;1644003.0
2024-10-31;17.65;17.91;17.63;17.69;1220952.0
2024-11-01;17.95;18.05;17.93;17.95;2640735.0
2024-11-04;17.09;17.09;16.93;17.07;2604140.0
2024-11-05;17.47;17.55;17.44;17.55;1493336.0
2024-11-06;18.04;18.1;17.8;18.01;1406506.0
2024-11-07;18.39;18.54;18.32;18.44;1242909.0
2024-11-08;18.62;18.69;18.54;18.62;318845.0
2024-11-11;18.73;18.82;18.58;18.73;598822.0
2024-11-12;19.25;19.36;19.13;19.28;1264690.0
2024-11-13;20.29;20.49;20.27;20.35;1636406.0
2024-11-14;19.79;19.96;19.72;19.8;1390029.0
2024-11-15;20.51;20.6;20.36;20.41;769709.0
2024-11-18;20.27;20.35;20.16;20.35;1921666.0
2024-11-19;20.37;20.37;19.98;20.27;2523663.0
2024-11-20;19.38;19.46;19.34;19.4;1922227.0
2024-11-21;19.24;19.27;19.22;19.23;1972475.0
2024-11-22;18.63;18.81;18.57;18.69;909261.0
2024-11-25;18.4;18.52;18.31;18.44;2059486.0
2024-11-26;17.84;18.03;17.83;17.87;1293522.0
2024-11-27;17.58;17.71;17.44;17.63;1553122.0
2024-11-28;17.41;17.46;17.21;17.42;1443694.0
2024-11-29;17.44;17.58;17.33;17.47;1131728.0
2024-12-02;16.77;16.84;16.44;16.68;782304.0
2024-12-03;15.95;16.08;15.88;16.0;1154216.0
2024-12-04;16.16;16.24;16.14;16.16;1969678.0
2024-12-05;15.8;15.83;15.78;15.79;964401.0
2024-12-06;16.22;16.3;16.2;16.27;1879796.0
2024-12-09;16.41;16.47;16.26;16.37;1738504.0
2024-12-10;16.63;16.73;16.58;16.65;1035641.0
2024-12-11;17.19;17.35;17.13;17.32;2408224.0
2024-12-12;17.2;17.21;17.13;17.16;1006739.0
2024-12-13;16.82;16.91;16.63;16.88;2558095.0
2024-12-16;17.24;17.41;17.16;17.29;1494143.0
2024-12-17;17.58;17.63;17.41;17.54;1193102.0
2024-12-18;17.42;17.61;17.36;17.44;771506.0
2024-12-19;18.18;18.24;18.02;18.13;1150687.0
2024-12-20;18.08;18.15;17.98;18.02;1086118.0
2024-12-23;17.99;18.07;17.98;18.03;641043.0
2024-12-24;18.07;18.24;17.85;18.03;1078619.0
2024-12-25;17.51;17.55;17.4;17.55;804598.0
2024-12-26;17.7;17.7;17.56;17.58;1612016.0
2024-12-27;18.25;18.41;18.2;18.29;2310883.0
2024-12-30;18.57;18.73;18.45;18.51;651181.0
2024-12-31;18.57;18.58;18.47;18.52;2831038.0
2025-01-01;18.45;18.47;18.2;18.43;1127738.0
2025-01-02;18.56;18.64;18.41;18.59;738583.0
2025-01-03;18.98;19.0;18.81;18.99;1756577.0
2025-01-06;19.18;19.44;19.04;19.31;962003.0
2025-01-07;19.13;19.18;18.9;19.12;1154447.0
2025-01-08;19.31;19.37;19.11;19.29;982505.0
2025-01-09;19.55;19.59;19.44;19.55;799411.0
2025-01-10;18.82;19.18;18.65;18.99;1727176.0
2025-01-13;19.0;19.13;18.79;19.07;1042205.0
2025-01-14;17.89;18.05;17.72;17.93;586351.0
2025-01-15;18.19;18.22;18.12;18.17;1584105.0
2025-01-16;18.52;18.56;18.49;18.51;658164.0
2025-01-17;18.89;19.08;18.71;18.9;675609.0
2025-01-20;18.71;18.8;18.66;18.68;2183202.0
2025-01-21;18.78;18.96;18.71;18.83;661212.0
2025-01-22;19.64;19.82;19.57;19.6;377671.0
2025-01-23;20.42;20.43;20.34;20.4;1642008.0
2025-01-24;20.39;20.55;20.32;20.37;1033094.0
2025-01-27;20.43;20.58;20.41;20.44;1078598.0
2025-01-28;21.2;21.25;20.84;21.09;1027614.0
2025-01-29;20.23;20.28;20.09;20.2;1350297.0
2025-01-30;19.95;20.02;19.78;20.01;825414.0
2025-01-31;20.79;20.99;20.75;20.77;2515689.0
2025-02-03;21.4;21.48;21.31;21.35;574862.0
2025-02-04;21.52;21.57;21.38;21.56;1502194.0
2025-02-05;20.72;20.9;20.51;20.65;1657897.0
2025-02-06;20.64;20.67;20.59;20.62;822558.0
2025-02-07;20.12;20.46;20.11;20.27;720811.0
2025-02-10;20.47;20.53;20.39;20.45;1999859.0
2025-02-11;19.95;20.12;19.94;19.98;732757.0
2025-02-12;19.43;19.59;19.37;19.4;887948.0
2025-02-13;18.34;18.43;18.13;18.29;1874129.0
2025-02-14;18.93;19.27;18.9;18.92;1223677.0
2025-02-17;18.8;18.96;18.55;18.7;489641.0
2025-02-18;18.77;18.87;18.75;18.78;2880659.0
2025-02-19;18.81;18.81;18.62;18.77;922640.0
2025-02-20;18.25;18.33;18.17;18.2;983253.0
2025-02-21;17.55;17.64;17.43;17.56;1366676.0
2025-02-24;17.1;17.14;17.04;17.06;1643828.0
2025-02-25;16.68;16.83;16.59;16.7;3206056.0
2025-02-26;16.85;16.88;16.79;16.87;524377.0
2025-02-27;16.42;16.53;16.41;16.49;1817507.0
2025-02-28;17.33;17.37;17.14;17.32;1743674.0
2025-03-03;17.84;17.93;17.7;17.82;1122891.0
2025-03-04;18.29;18.33;18.21;18.23;1782695.0
2025-03-05;18.2;18.24;18.08;18.16;1918659.0
2025-03-06;18.93;19.04;18.89;18.95;602606.0
2025-03-07;18.76;19.06;18.76;18.83;2884561.0
2025-03-10;18.83;18.86;18.76;18.8;551622.0
2025-03-11;18.95;18.97;18.8;18.88;681698.0
2025-03-12;19.3;19.49;19.09;19.26;1055058.0
2025-03-13;19.66;19.84;19.51;19.6;3148606.0
2025-03-14;19.32;19.51;19.21;19.33;1030827.0
2025-03-17;19.01;19.04;18.9;19.03;1183555.0
2025-03-18;19.33;19.43;19.27;19.37;2460904.0
2025-03-19;19.76;19.96;19.62;19.76;1034926.0
2025-03-20;19.53;19.6;19.33;19.53;667158.0
2025-03-21;18.68;18.72;18.47;18.67;976161.0
2025-03-24;18.54;18.58;18.52;18.55;2386637.0
2025-03-25;18.87;18.93;18.82;18.87;1245979.0
2025-03-26;19.81;19.86;19.74;19.86;3157620.0
2025-03-27;19.24;19.32;19.12;19.19;1739255.0
2025-03-28;18.95;18.96;18.92;18.95;871173.0
2025-03-31;18.72;18.99;18.58;18.73;1233712.0
2025-04-01;19.41;19.51;19.38;19.46;784962.0
2025-04-02;19.35;19.45;19.29;19.43;860943.0
2025-04-03;19.0;19.04;18.85;18.93;11291289.0
2025-04-04;19.26;19.28;19.18;19.22;2001309.0
2025-04-07;18.91;19.16;18.87;19.0;1849728.0
2025-04-08;18.38;18.6;18.23;18.34;880645.0
2025-04-09;17.93;17.94;17.87;17.88;2636050.0
2025-04-10;18.78;18.79;18.72;18.77;2083809.0
2025-04-11;19.06;19.17;18.95;18.97;3081141.0
2025-04-14;19.03;19.03;18.82;19.02;3007312.0
2025-04-15;18.8;19.03;18.78;18.88;574041.0
2025-04-16;19.05;19.17;18.95;19.03;690437.0
2025-04-17;19.18;19.28;19.13;19.17;728036.0
2025-04-18;19.29;19.38;19.11;19.32;750151.0
2025-04-21;19.41;19.45;19.35;19.38;1413707.0
2025-04-22;19.75;20.02;19.69;19.85;905822.0
2025-04-23;19.92;19.94;19.76;19.86;3389860.0
2025-04-24;19.26;19.33;18.98;19.31;3116870.0
2025-04-25;18.91;19.09;18.89;18.97;1198725.0
2025-04-28;17.92;17.96;17.81;17.92;3196807.0
2025-04-29;19.0;19.19;18.88;18.98;2530854.0
2025-04-30;19.45;19.59;19.22;19.44;959960.0
2025-05-01;18.94;19.03;18.9;18.98;440380.0
2025-05-02;18.79;19.02;18.7;18.82;1078429.0
2025-05-05;18.41;18.63;18.28;18.48;871254.0
2025-05-06;19.28;19.45;19.16;19.29;1333414.0
2025-05-07;18.59;18.74;18.51;18.53;1257472.0
2025-05-08;18.58;18.75;18.5;18.58;1241100.0
2025-05-09;18.56;18.6;18.51;18.51;1562570.0
2025-05-12;19.03;19.05;18.89;18.95;655884.0
2025-05-13;18.85;19.07;18.75;18.88;1477231.0
2025-05-14;17.95;18.1;17.91;17.96;965298.0
2025-05-15;17.94;18.01;17.78;17.82;1329071.0
2025-05-16;17.41;17.46;17.27;17.33;1940983.0
2025-05-19;17.28;17.43;17.19;17.36;652000.0
2025-05-20;18.1;18.14;18.04;18.08;1044818.0
2025-05-21;17.2;17.21;17.11;17.2;1133400.0
2025-05-22;16.85;16.94;16.79;16.81;929931.0
2025-05-23;16.5;16.57;16.41;16.54;1885898.0
2025-05-26;16.31;16.39;16.18;16.35;838866.0
2025-05-27;16.66;16.76;16.45;16.69;911001.0
2025-05-28;16.58;16.62;16.43;16.61;843268.0
2025-05-29;16.84;16.87;16.74;16.8;2076154.0
2025-05-30;16.44;16.54;16.38;16.49;940134.0
2025-06-02;16.56;16.76;16.46;16.6;1513632.0
2025-06-03;16.87;16.97;16.79;16.96;3229547.0
2025-06-04;16.65;16.67;16.58;16.6;1158447.0
2025-06-05;17.03;17.07;16.81;16.97;2097025.0
2025-06-06;16.97;17.0;16.83;16.99;2773656.0
2025-06-09;17.48;17.66;17.46;17.49;2009901.0
2025-06-10;17.41;17.45;17.34;17.38;1192544.0
2025-06-11;17.64;17.71;17.53;17.57;1657886.0
2025-06-12;17.56;17.61;17.33;17.54;631789.0
2025-06-13;17.45;17.59;17.39;17.48;814214.0
2025-06-16;17.52;17.63;17.49;17.61;888831.0
2025-06-17;17.81;17.92;17.79;17.87;3686935.0
2025-06-18;17.24;17.26;17.11;17.24;801073.0
2025-06-19;17.91;18.02;17.76;17.95;795131.0
2025-06-20;17.03;17.19;16.96;17.02;713573.0
2025-06-23;16.66;16.77;16.57;16.69;1591052.0
2025-06-24;16.58;16.79;16.55;16.63;1291495.0
2025-06-25;16.76;17.07;16.76;16.82;2070663.0
2025-06-26;17.67;17.68;17.54;17.58;1682228.0
2025-06-27;16.72;16.84;16.64;16.68;603080.0
2025-06-30;16.52;16.53;16.34;16.43;803202.0
2025-07-01;15.49;15.53;15.31;15.46;2380127.0
2025-07-02;15.45;15.48;15.23;15.47;1086368.0
2025-07-03;15.65;15.68;15.57;15.58;2177735.0
2025-07-04;16.29;16.3;16.22;16.3;1115886.0
2025-07-07;16.36;16.42;16.2;16.35;741308.0
2025-07-08;16.83;16.94;16.68;16.83;1033405.0
2025-07-09;16.95;17.25;16.92;17.1;741162.0
2025-07-10;16.97;16.98;16.82;16.89;906389.0
2025-07-11;16.24;16.38;16.11;16.22;1329699.0
2025-07-14;16.36;16.41;16.31;16.34;1553161.0
2025-07-15;15.65;15.67;15.57;15.66;543022.0
2025-07-16;16.24;16.29;16.23;16.24;1192206.0
2025-07-17;16.13;16.25;16.12;16.16;896893.0
2025-07-18;16.74;16.81;16.64;16.71;869603.0
2025-07-21;16.41;16.52;16.37;16.47;1285094.0
2025-07-22;16.6;16.69;16.57;16.59;913258.0
2025-07-23;16.71;16.77;16.6;16.68;2400215.0
2025-07-24;16.65;16.79;16.63;16.66;2178247.0
2025-07-25;16.46;16.79;16.37;16.45;2171468.0
2025-07-28;16.57;16.7;16.52;16.62;938976.0
2025-07-29;16.14;16.21;16.08;16.19;743222.0
2025-07-30;15.65;15.73;15.5;15.63;1252955.0
2025-07-31;16.22;16.23;16.08;16.19;1115514.0
2025-08-01;16.43;16.61;16.38;16.52;886989.0
2025-08-04;16.57;16.59;16.37;16.54;668060.0
2025-08-05;17.31;17.35;17.28;17.34;1177897.0
2025-08-06;17.19;17.21;16.9;17.2;982608.0
2025-08-07;17.78;18.0;17.75;17.85;1696662.0
2025-08-08;17.88;18.14;17.87;17.93;1677060.0
2025-08-11;17.46;17.56;17.14;17.41;2085251.0
2025-08-12;18.34;18.49;18.19;18.34;640723.0
2025-08-13;18.83;18.88;18.75;18.85;1469642.0
2025-08-14;18.77;18.89;18.74;18.78;835902.0
2025-08-15;19.19;19.2;19.14;19.16;653301.0
2025-08-18;18.96;19.04;18.79;18.94;970628.0
2025-08-19;19.38;19.5;19.25;19.38;2052055.0
2025-08-20;18.16;18.25;18.0;18.1;998332.0
2025-08-21;17.63;17.66;17.47;17.58;2630613.0
2025-08-22;18.09;18.1;18.05;18.07;1582378.0
2025-08-25;17.94;17.98;17.88;17.93;987523.0
2025-08-26;18.07;18.26;17.93;18.03;2147949.0
2025-08-27;17.37;17.43;17.23;17.35;1502586.0
2025-08-28;18.33;18.49;18.12;18.28;754432.0
2025-08-29;18.95;19.18;18.76;18.9;3046187.0
2025-09-01;18.72;18.83;18.67;18.78;1369203.0
2025-09-02;18.5;18.58;18.47;18.56;1213960.0
2025-09-03;19.06;19.19;18.92;19.1;784054.0
2025-09-04;20.26;20.33;20.17;20.2;2168983.0
2025-09-05;20.64;21.03;20.56;20.74;1557570.0
2025-09-08;22.08;22.2;21.81;22.05;1647252.0
2025-09-09;21.5;21.7;21.34;21.47;933069.0
2025-09-10;21.05;21.23;20.88;20.97;1824927.0
2025-09-11;20.28;20.42;20.12;20.27;1897232.0
2025-09-12;20.43;20.55;20.33;20.52;860794.0
2025-09-15;20.55;20.65;20.48;20.61;592144.0
2025-09-16;20.44;20.51;20.37;20.51;1608297.0
2025-09-17;20.95;21.23;20.87;20.98;547614.0
2025-09-18;21.71;21.82;21.46;21.72;1297575.0
2025-09-19;20.72;20.81;20.71;20.79;961623.0
2025-09-22;20.52;20.58;20.4;20.43;2211834.0
2025-09-23;20.82;21.09;20.74;20.91;988138.0
2025-09-24;20.71;20.98;20.51;20.62;2092011.0
2025-09-25;20.22;20.37;20.09;20.15;929959.0
2025-09-26;20.79;20.82;20.71;20.73;1982750.0
2025-09-29;19.94;20.19;19.85;19.98;3369149.0
2025-09-30;19.82;19.87;19.63;19.8;705016.0
2025-10-01;19.9;20.03;19.75;19.98;1391674.0
2025-10-02;19.7;19.8;19.51;19.65;4753497.0
2025-10-03;20.08;20.15;20.01;20.08;1243318.0
2025-10-06;19.73;19.79;19.69;19.75;1240338.0
2025-10-07;20.48;20.69;20.3;20.55;1783788.0
2025-10-08;20.32;20.64;20.18;20.47;1227562.0
2025-10-09;20.79;20.93;20.7;20.85;512157.0
2025-10-10;21.36;21.37;21.19;21.29;2118341.0
2025-10-13;20.88;20.93;20.68;20.91;441762.0
2025-10-14;19.71;19.79;19.47;19.72;976377.0
2025-10-15;19.95;19.95;19.82;19.91;2199439.0
2025-10-16;20.05;20.08;19.85;19.95;1006238.0
2025-10-17;20.33;20.36;20.18;20.25;850136.0
2025-10-20;20.06;20.13;19.82;20.12;1866605.0
2025-10-21;19.75;20.02;19.72;19.86;785788.0
2025-10-22;21.17;21.25;20.91;21.02;652709.0
2025-10-23;20.29;20.37;20.14;20.15;1379535.0
2025-10-24;20.58;20.67;20.53;20.57;1097492.0
2025-10-27;20.15;20.25;19.95;20.23;645747.0
2025-10-28;20.09;20.12;19.96;20.03;1653618.0
2025-10-29;19.83;19.97;19.66;19.84;1516998.0
2025-10-30;19.38;19.53;19.35;19.39;1004623.0
2025-10-31;19.75;20.08;19.59;19.69;1039587.0
2025-11-03;20.5;20.51;20.41;20.48;1521483.0
2025-11-04;20.67;20.89;20.66;20.74;2180753.0
2025-11-05;20.78;20.97;20.7;20.8;1044035.0
2025-11-06;20.26;20.3;20.08;20.22;1668348.0
2025-11-07;20.54;20.62;20.36;20.51;1595344.0
2025-11-10;21.81;21.85;21.72;21.79;1866646.0
2025-11-11;21.61;21.73;21.53;21.55;1226475.0
2025-11-12;21.29;21.34;21.25;21.31;762103.0
2025-11-13;20.98;21.23;20.89;20.97;954316.0
2025-11-14;20.46;20.79;20.28;20.67;1427488.0
2025-11-17;19.09;19.22;18.96;19.11;2985364.0
2025-11-18;19.37;19.42;19.3;19.33;944103.0
2025-11-19;18.84;19.06;18.81;18.86;1798374.0
2025-11-20;17.99;18.19;17.98;18.01;1020672.0
2025-11-21;18.34;18.43;18.19;18.39;1270898.0
2025-11-24;17.88;18.15;17.74;17.83;2565588.0
2025-11-25;17.68;17.68;17.57;17.65;1762328.0
2025-11-26;18.44;18.55;18.32;18.39;646514.0
2025-11-27;17.58;17.73;17.5;17.67;903257.0
2025-11-28;16.9;17.14;16.86;16.91;2253760.0
2025-12-01;17.02;17.2;16.89;17.03;1291015.0
2025-12-02;17.57;17.76;17.48;17.59;677104.0
2025-12-03;16.78;16.92;16.67;16.81;798527.0
2025-12-04;16.99;17.03;16.95;17.0;1709560.0
2025-12-05;17.32;17.33;17.22;17.28;1977225.0
2025-12-08;16.2;16.39;16.12;16.29;1213389.0
2025-12-09;16.75;16.92;16.61;16.66;4146010.0
2025-12-10;17.1;17.12;17.03;17.07;1815872.0
2025-12-11;16.91;16.95;16.83;16.91;1064759.0
2025-12-12;17.57;17.61;17.34;17.52;799824.0
2025-12-15;18.01;18.11;17.88;18.08;738634.0
2025-12-16;18.09;18.29;17.99;18.13;1422193.0
2025-12-17;17.89;17.92;17.75;17.89;941860.0
2025-12-18;17.47;17.49;17.38;17.4;2776973.0
2025-12-19;17.37;17.45;17.28;17.37;2503389.0
2025-12-22;17.67;17.73;17.62;17.65;1650408.0
2025-12-23;17.45;17.55;17.41;17.48;666971.0
2025-12-24;16.44;16.45;16.38;16.42;859315.0
2025-12-25;17.1;17.15;16.81;17.01;2253148.0
2025-12-26;17.15;17.26;17.05;17.1;907516.0
2025-12-29;16.9;17.04;16.82;16.91;2107622.0
2025-12-30;17.35;17.5;17.24;17.32;1524690.0
2025-12-31;18.11;18.18;17.96;18.07;1234108.0
2026-01-01;16.71;16.73;16.52;16.69;846261.0
2026-01-02;16.94;17.01;16.81;16.89;1147250.0
2026-01-05;16.27;16.32;16.07;16.21;1322222.0
2026-01-06;16.43;16.48;16.41;16.44;2015282.0
2026-01-07;16.52;16.54;16.47;16.49;772303.0
2026-01-08;16.76;16.93;16.55;16.78;1054515.0
2026-01-09;16.49;16.59;16.47;16.54;1229861.0
2026-01-12;15.67;15.78;15.6;15.68;1675026.0
2026-01-13;15.47;15.56;15.44;15.47;763576.0
2026-01-14;15.57;15.71;15.46;15.65;622635.0
2026-01-15;16.14;16.15;15.98;16.1;1684505.0
2026-01-16;15.44;15.69;15.38;15.56;562995.0
2026-01-19;16.15;16.2;15.91;16.02;2286402.0
2026-01-20;15.79;15.89;15.61;15.72;1112407.0
2026-01-21;15.86;15.97;15.82;15.88;554729.0
2026-01-22;15.64;15.7;15.55;15.64;945803.0
2026-01-23;15.73;15.77;15.71;15.72;1453612.0
2026-01-26;16.08;16.15;16.0;16.11;921400.0
2026-01-27;15.56;15.64;15.54;15.56;1214709.0
2026-01-28;15.25;15.36;15.14;15.25;1741120.0
2026-01-29;15.32;15.35;15.31;15.33;1086970.0
2026-01-30;16.41;16.43;16.38;16.4;752737.0
2026-02-02;15.93;16.2;15.92;16.0;1035617.0
2026-02-03;16.94;16.95;16.86;16.94;2439784.0
2026-02-04;17.93;18.13;17.85;17.93;2792736.0
2026-02-05;17.88;18.0;17.63;17.87;438027.0
2026-02-06;17.7;17.88;17.65;17.71;2075088.0
2026-02-09;17.42;17.54;17.26;17.36;1362830.0
2026-02-10;17.3;17.44;17.26;17.32;1908811.0
2026-02-11;16.65;16.82;16.57;16.64;913242.0
2026-02-12;16.66;16.74;16.48;16.59;496763.0
2026-02-13;17.3;17.35;17.25;17.31;1610805.0
2026-02-16;17.01;17.13;16.99;17.0;751263.0
2026-02-17;16.87;17.06;16.86;16.88;600702.0
2026-02-18;16.14;16.21;15.9;16.08;622065.0
2026-02-19;16.23;16.27;16.14;16.24;1624088.0
2026-02-20;16.42;16.42;16.18;16.36;1289450.0
2026-02-23;16.38;16.52;16.37;16.38;1778415.0
2026-02-24;16.23;16.44;16.05;16.28;1680392.0
2026-02-25;16.17;16.22;16.12;16.13;974357.0
2026-02-26;16.34;16.41;16.25;16.36;1160966.0
2026-02-27;16.37;16.51;16.3;16.34;931248.0
